-- MySQL dump 10.13  Distrib 5.5.25a, for Win64 (x86)
--
-- Host: localhost    Database: tebes
-- ------------------------------------------------------
-- Server version	5.5.25a

/*!40101 SET @OLD_CHARACTER_SET_CLIENT=@@CHARACTER_SET_CLIENT */;
/*!40101 SET @OLD_CHARACTER_SET_RESULTS=@@CHARACTER_SET_RESULTS */;
/*!40101 SET @OLD_COLLATION_CONNECTION=@@COLLATION_CONNECTION */;
/*!40101 SET NAMES utf8 */;
/*!40103 SET @OLD_TIME_ZONE=@@TIME_ZONE */;
/*!40103 SET TIME_ZONE='+00:00' */;
/*!40014 SET @OLD_UNIQUE_CHECKS=@@UNIQUE_CHECKS, UNIQUE_CHECKS=0 */;
/*!40014 SET @OLD_FOREIGN_KEY_CHECKS=@@FOREIGN_KEY_CHECKS, FOREIGN_KEY_CHECKS=0 */;
/*!40101 SET @OLD_SQL_MODE=@@SQL_MODE, SQL_MODE='NO_AUTO_VALUE_ON_ZERO' */;
/*!40111 SET @OLD_SQL_NOTES=@@SQL_NOTES, SQL_NOTES=0 */;

--
-- Table structure for table `actiondescription`
--

DROP TABLE IF EXISTS `actiondescription`;
/*!40101 SET @saved_cs_client     = @@character_set_client */;
/*!40101 SET character_set_client = utf8 */;
CREATE TABLE `actiondescription` (
  `id` bigint(20) NOT NULL AUTO_INCREMENT,
  `language` varchar(255) DEFAULT NULL,
  `value` varchar(255) DEFAULT NULL,
  `testaction_id` bigint(20) DEFAULT NULL,
  PRIMARY KEY (`id`),
  KEY `FK79842806C1CFF2F1` (`testaction_id`)
) ENGINE=InnoDB AUTO_INCREMENT=21 DEFAULT CHARSET=latin1;
/*!40101 SET character_set_client = @saved_cs_client */;

--
-- Dumping data for table `actiondescription`
--

LOCK TABLES `actiondescription` WRITE;
/*!40000 ALTER TABLE `actiondescription` DISABLE KEYS */;
INSERT INTO `actiondescription` VALUES (1,'en','UBL 2.0 Invoice XML Schema Validation.',1),(2,'it','Validazione UBL con XML Schema.',1),(3,'en','Italian INTERCENT-ER UBL Invoice Schematron Validation.',2),(4,'it','Validazione Fattura UBL italiana INTERCENT-ER con Schematron.',2),(5,'en','UBL Invoice XML Schema Validation.',3),(6,'it','Validazione UBL con XML Schema.',3),(7,'en','Italian INTERCENT-ER UBL Invoice Schematron Validation.',4),(8,'it','Validazione Fattura UBL italiana INTERCENT-ER con Schematron.',4),(9,'en','CORRECT UBL Invoice XML Schema Validation.',5),(10,'it','Validazione di una CORRETTA Fattura UBL con XML Schema.',5),(11,'en','WRONG UBL Invoice XML Schema Validation.',6),(12,'it','Validazione di una Fattura UBL SCORRETTA con XML Schema.',6),(13,'en','CORRECT UBL Invoice XML Schema Validation.',7),(14,'it','Validazione di una CORRETTA Fattura UBL con XML Schema.',7),(15,'en','WRONG UBL Invoice XML Schema Validation.',8),(16,'it','Validazione di una Fattura UBL SCORRETTA con XML Schema.',8),(17,'en','UBL 2.0 Invoice XML Schema Validation.',9),(18,'it','Validazione UBL con XML Schema.',9),(19,'en','Italian INTERCENT-ER UBL Invoice Schematron Validation.',10),(20,'it','Validazione Fattura UBL italiana INTERCENT-ER con Schematron.',10);
/*!40000 ALTER TABLE `actiondescription` ENABLE KEYS */;
UNLOCK TABLES;

--
-- Table structure for table `actionworkflow`
--

DROP TABLE IF EXISTS `actionworkflow`;
/*!40101 SET @saved_cs_client     = @@character_set_client */;
/*!40101 SET character_set_client = utf8 */;
CREATE TABLE `actionworkflow` (
  `id` bigint(20) NOT NULL AUTO_INCREMENT,
  `comment` varchar(255) DEFAULT NULL,
  PRIMARY KEY (`id`)
) ENGINE=InnoDB AUTO_INCREMENT=6 DEFAULT CHARSET=latin1;
/*!40101 SET character_set_client = @saved_cs_client */;

--
-- Dumping data for table `actionworkflow`
--

LOCK TABLES `actionworkflow` WRITE;
/*!40000 ALTER TABLE `actionworkflow` DISABLE KEYS */;
INSERT INTO `actionworkflow` VALUES (1,NULL),(2,NULL),(3,NULL),(4,'clone'),(5,'clone');
/*!40000 ALTER TABLE `actionworkflow` ENABLE KEYS */;
UNLOCK TABLES;

--
-- Table structure for table `choreography`
--

DROP TABLE IF EXISTS `choreography`;
/*!40101 SET @saved_cs_client     = @@character_set_client */;
/*!40101 SET character_set_client = utf8 */;
CREATE TABLE `choreography` (
  `id` bigint(20) NOT NULL AUTO_INCREMENT,
  `description` varchar(255) DEFAULT NULL,
  PRIMARY KEY (`id`)
) ENGINE=InnoDB DEFAULT CHARSET=latin1;
/*!40101 SET character_set_client = @saved_cs_client */;

--
-- Dumping data for table `choreography`
--

LOCK TABLES `choreography` WRITE;
/*!40000 ALTER TABLE `choreography` DISABLE KEYS */;
/*!40000 ALTER TABLE `choreography` ENABLE KEYS */;
UNLOCK TABLES;

--
-- Table structure for table `filestore`
--

DROP TABLE IF EXISTS `filestore`;
/*!40101 SET @saved_cs_client     = @@character_set_client */;
/*!40101 SET character_set_client = utf8 */;
CREATE TABLE `filestore` (
  `id` bigint(20) NOT NULL AUTO_INCREMENT,
  `fileRefId` varchar(255) DEFAULT NULL,
  `fileName` varchar(255) DEFAULT NULL,
  `type` varchar(255) DEFAULT NULL,
  `source` text,
  `creationDatetime` varchar(255) DEFAULT NULL,
  `lastUpdateDatetime` varchar(255) DEFAULT NULL,
  `session_id` bigint(20) DEFAULT NULL,
  PRIMARY KEY (`id`),
  KEY `FKB2A510E5C9C715D1` (`session_id`)
) ENGINE=InnoDB AUTO_INCREMENT=5 DEFAULT CHARSET=latin1;
/*!40101 SET character_set_client = @saved_cs_client */;

--
-- Dumping data for table `filestore`
--

LOCK TABLES `filestore` WRITE;
/*!40000 ALTER TABLE `filestore` DISABLE KEYS */;
INSERT INTO `filestore` VALUES (1,'FI-1_document-xml-website-IN-1_TA-1_TP-91','20140625T154550Z_FI-1_document-xml-website-IN-1_TA-1_TP-91_UID-2_ubl-invoice.xml','document','ï»¿<?xml version=\"1.0\" encoding=\"UTF-8\"?>\r\n\r\n<!-- \r\n    Descrizione documento:     Esempio fattura emessa dall\'Azienda Unita\' Sanitaria Locale di Reggio Emilia \r\n    Prodotto il :              Febbraio 2012      \r\n    Prodotto da :              A. Brutti\r\n    Ambito:                    Intercent-ER - Piloti Peppol\r\n-->\r\n\r\n\r\n<in:Invoice xmlns:in=\"urn:oasis:names:specification:ubl:schema:xsd:Invoice-2\"\r\n    xmlns:cac=\"urn:oasis:names:specification:ubl:schema:xsd:CommonAggregateComponents-2\"\r\n    xmlns:cbc=\"urn:oasis:names:specification:ubl:schema:xsd:CommonBasicComponents-2\"\r\n    xmlns:ccts=\"urn:un:unece:uncefact:documentation:2\"\r\n    xmlns:ext=\"urn:oasis:names:specification:ubl:schema:xsd:CommonExtensionComponents-2\"\r\n    xmlns:qdt=\"urn:oasis:names:specification:ubl:schema:xsd:QualifiedDatatypes-2\"\r\n    xmlns:udt=\"urn:un:unece:uncefact:data:specification:UnqualifiedDataTypesSchemaModule:2\"\r\n    xmlns:xsd=\"http://www.w3.org/2001/XMLSchema\"\r\n    xmlns:xsi=\"http://www.w3.org/2001/XMLSchema-instance\"\r\n    xsi:schemaLocation=\"urn:oasis:names:specification:ubl:schema:xsd:Invoice-2 http://docs.oasis-open.org/ubl/os-UBL-2.0/xsd/maindoc/UBL-Invoice-2.0.xsd\">\r\n    <cbc:UBLVersionID>2.0</cbc:UBLVersionID>\r\n    <cbc:CustomizationID schemeID=\"PEPPOL\">urn:www.cenbii.eu:transaction:biicoretrdm010:ver1.0:#urn:www.peppol.eu:bis:peppol4a:ver1.0</cbc:CustomizationID>\r\n    <cbc:ProfileID>urn:www.cenbii.eu:profile:bii04:ver1.0</cbc:ProfileID>    \r\n	<cbc:ID>2/ 28</cbc:ID>\r\n    <cbc:IssueDate>2012-01-31</cbc:IssueDate>\r\n    <cbc:InvoiceTypeCode listID=\"UN/ECE 1001\" listAgencyID=\"6\">380</cbc:InvoiceTypeCode>\r\n    <cbc:DocumentCurrencyCode listID=\"ISO 4217 Alpha\" listAgencyID=\"5\">EUR</cbc:DocumentCurrencyCode>\r\n     <cac:AccountingSupplierParty>\r\n        <cac:Party>\r\n            <cac:PartyName>\r\n                <cbc:Name>Azienda Unita\' Sanitaria Locale di Reggio Emilia</cbc:Name>\r\n            </cac:PartyName>\r\n            <cac:PostalAddress>\r\n                <cbc:StreetName>Via Amendola</cbc:StreetName>\r\n                <cbc:BuildingNumber>2</cbc:BuildingNumber>\r\n                <cbc:CityName>Reggio nell\'Emilia</cbc:CityName>\r\n                <cbc:PostalZone>42100</cbc:PostalZone>\r\n                <cbc:CountrySubentity>Reggio nell\'Emilia</cbc:CountrySubentity>\r\n                <cac:Country>\r\n                    <cbc:IdentificationCode listID=\"ISO3166-1\" listAgencyID=\"5\">IT</cbc:IdentificationCode>\r\n                </cac:Country>\r\n            </cac:PostalAddress>\r\n            <cac:PartyTaxScheme>\r\n                <cbc:CompanyID schemeID=\"IT:VAT\"\r\n                    schemeURI=\"urn:oasis:names:tc:ebcore:partyid-type:unregistered:bii:it:vat\">IT01598570354</cbc:CompanyID>\r\n                <cac:TaxScheme>\r\n                    <cbc:ID schemeID=\"UN/ECE 5153\" schemeAgencyID=\"6\">VAT</cbc:ID>\r\n                </cac:TaxScheme>\r\n            </cac:PartyTaxScheme>   \r\n        </cac:Party>\r\n    </cac:AccountingSupplierParty>\r\n    <cac:AccountingCustomerParty>\r\n        <cac:Party>\r\n            <cac:PartyName>\r\n                <cbc:Name>ARCISPEDALE SANTA MARIA NUOVA</cbc:Name>\r\n            </cac:PartyName>\r\n            <cac:PostalAddress>\r\n                <cbc:StreetName>VIALE  RISORGIMENTO</cbc:StreetName>\r\n                <cbc:BuildingNumber>80</cbc:BuildingNumber>\r\n                <cbc:CityName>Reggio nell\'Emilia</cbc:CityName>\r\n                <cbc:PostalZone>42100</cbc:PostalZone>\r\n                <cbc:CountrySubentity>Reggio nell\'Emilia</cbc:CountrySubentity>\r\n                <cac:Country>\r\n                    <cbc:IdentificationCode listID=\"ISO3166-1\" listAgencyID=\"5\">IT</cbc:IdentificationCode>\r\n                </cac:Country>\r\n            </cac:PostalAddress>\r\n            <cac:PartyTaxScheme>\r\n                <cbc:CompanyID schemeID=\"IT:VAT\"\r\n                    schemeURI=\"urn:oasis:names:tc:ebcore:partyid-type:unregistered:bii:it:vat\">IT01614660353</cbc:CompanyID>\r\n                <cac:TaxScheme>\r\n                    <cbc:ID schemeID=\"UN/ECE 5153\" schemeAgencyID=\"6\">VAT</cbc:ID>\r\n                </cac:TaxScheme>\r\n            </cac:PartyTaxScheme>\r\n        </cac:Party>\r\n    </cac:AccountingCustomerParty>\r\n    <cac:TaxTotal>\r\n        <cbc:TaxAmount currencyID=\"EUR\">0.37</cbc:TaxAmount>\r\n        <cac:TaxSubtotal>\r\n            <cbc:TaxableAmount currencyID=\"EUR\">3.63</cbc:TaxableAmount>\r\n            <cbc:TaxAmount currencyID=\"EUR\">0.37</cbc:TaxAmount>\r\n            <cac:TaxCategory>\r\n                <cbc:ID schemeID=\"UN/ECE 5305\" schemeAgencyID=\"6\">S</cbc:ID>\r\n                <cbc:Percent>10</cbc:Percent>\r\n                <cac:TaxScheme >\r\n                    <cbc:ID schemeID=\"UN/ECE 5153\" schemeAgencyID=\"6\">VAT</cbc:ID>\r\n                </cac:TaxScheme>\r\n            </cac:TaxCategory>\r\n        </cac:TaxSubtotal>        \r\n    </cac:TaxTotal>\r\n    <cac:LegalMonetaryTotal>\r\n        <cbc:LineExtensionAmount currencyID=\"EUR\">3.63</cbc:LineExtensionAmount>\r\n        <cbc:TaxExclusiveAmount currencyID=\"EUR\">3.63</cbc:TaxExclusiveAmount>\r\n        <cbc:TaxInclusiveAmount currencyID=\"EUR\">4</cbc:TaxInclusiveAmount>\r\n        <cbc:PayableRoundingAmount currencyID=\"EUR\">0.00162</cbc:PayableRoundingAmount>\r\n        <cbc:PayableAmount currencyID=\"EUR\">4</cbc:PayableAmount>\r\n    </cac:LegalMonetaryTotal>\r\n    <cac:InvoiceLine>\r\n        <cbc:ID>1</cbc:ID>\r\n        <cbc:InvoicedQuantity unitCode=\"AV\">16</cbc:InvoicedQuantity>\r\n        <cbc:LineExtensionAmount currencyID=\"EUR\">3.05</cbc:LineExtensionAmount>\r\n        <cac:DespatchLineReference>\r\n            <cbc:LineID>1</cbc:LineID>\r\n            <cac:DocumentReference>\r\n                <cbc:ID>28/ B</cbc:ID>\r\n                <cbc:IssueDate>2012-01-02</cbc:IssueDate>\r\n                <cbc:DocumentType>Legge ... </cbc:DocumentType>\r\n            </cac:DocumentReference>            \r\n        </cac:DespatchLineReference> \r\n        <cac:TaxTotal>\r\n            <cbc:TaxAmount currencyID=\"EUR\">0.31</cbc:TaxAmount>\r\n            <cac:TaxSubtotal>\r\n                <cbc:TaxAmount currencyID=\"EUR\">0.304736</cbc:TaxAmount>                \r\n                <cac:TaxCategory>\r\n                    <!-- da verificare se e\' effettivamente S -->\r\n                    <cbc:ID schemeID=\"UN/ECE 5305\" schemeAgencyID=\"6\">S</cbc:ID>\r\n                    <cbc:Percent>10</cbc:Percent>\r\n                    <cac:TaxScheme>\r\n                        <cbc:ID schemeID=\"UN/ECE 5153\" schemeAgencyID=\"6\">VAT</cbc:ID>\r\n                    </cac:TaxScheme>\r\n                </cac:TaxCategory>\r\n            </cac:TaxSubtotal>            \r\n        </cac:TaxTotal>\r\n        <cac:Item>            \r\n            <cbc:Name>AMBRAMICINA MG.250</cbc:Name>\r\n        </cac:Item>\r\n        <cac:Price>\r\n            <cbc:PriceAmount currencyID=\"EUR\">0.19046</cbc:PriceAmount>\r\n        </cac:Price>\r\n    </cac:InvoiceLine>\r\n    <cac:InvoiceLine>\r\n        <cbc:ID>2</cbc:ID>\r\n        <cbc:InvoicedQuantity unitCode=\"BX\">1</cbc:InvoicedQuantity>\r\n        <cbc:LineExtensionAmount currencyID=\"EUR\">0.58</cbc:LineExtensionAmount>\r\n        <cac:DespatchLineReference>\r\n            <cbc:LineID>1</cbc:LineID>\r\n            <cac:DocumentReference>\r\n                <cbc:ID>31/B</cbc:ID>\r\n                <cbc:IssueDate>2012-01-02</cbc:IssueDate>\r\n                <cbc:DocumentType>Legge ... </cbc:DocumentType>\r\n            </cac:DocumentReference>            \r\n        </cac:DespatchLineReference>        \r\n        <cac:TaxTotal>\r\n            <cbc:TaxAmount currencyID=\"EUR\">0.06</cbc:TaxAmount>\r\n            <cac:TaxSubtotal>\r\n                <cbc:TaxAmount currencyID=\"EUR\">0.058102</cbc:TaxAmount>\r\n                <cac:TaxCategory>\r\n                    <!-- da verificare se e\' effettivamente S -->\r\n                    <cbc:ID schemeID=\"UN/ECE 5305\" schemeAgencyID=\"6\">S</cbc:ID>\r\n                    <cbc:Percent>10</cbc:Percent>\r\n                    <cac:TaxScheme>\r\n                        <cbc:ID schemeID=\"UN/ECE 5153\" schemeAgencyID=\"6\">VAT</cbc:ID>\r\n                    </cac:TaxScheme>\r\n                </cac:TaxCategory>\r\n            </cac:TaxSubtotal>            \r\n        </cac:TaxTotal>\r\n        <cac:Item>            \r\n            <cbc:Name>FITOSTIMOLINE 10 GARZE</cbc:Name>\r\n        </cac:Item>\r\n        <cac:Price>\r\n            <cbc:PriceAmount currencyID=\"EUR\">0.58102</cbc:PriceAmount>\r\n        </cac:Price>\r\n    </cac:InvoiceLine>\r\n</in:Invoice>\r\n','2014-06-25T15:45:50Z','2014-06-25T15:45:50Z',1),(2,'FI-1_document-xml-website-IN-1_TA-2_TP-91','20140625T154551Z_FI-1_document-xml-website-IN-1_TA-2_TP-91_UID-2_ubl-invoice_withError.xml','document','<?xml version=\"1.0\" encoding=\"UTF-8\"?>\r\n<?xml-stylesheet type=\"text/xsl\" href=\"stylesheets/CraneUBL2UN380Invoice-html-IT.xsl\"?>\r\n\r\n<!-- \r\n    Descrizione documento:     Esempio fattura emessa dall\'Azienda Unita\' Sanitaria Locale di Reggio Emilia \r\n    Prodotto il :              Febbraio 2012      \r\n    Prodotto da :              A. Brutti\r\n    Ambito:                    Intercent-ER - Piloti Peppol\r\n-->\r\n\r\n\r\n<in:Invoice xmlns:in=\"urn:oasis:names:specification:ubl:schema:xsd:Invoice-2\"\r\n    xmlns:cac=\"urn:oasis:names:specification:ubl:schema:xsd:CommonAggregateComponents-2\"\r\n    xmlns:cbc=\"urn:oasis:names:specification:ubl:schema:xsd:CommonBasicComponents-2\"\r\n    xmlns:ccts=\"urn:un:unece:uncefact:documentation:2\"\r\n    xmlns:ext=\"urn:oasis:names:specification:ubl:schema:xsd:CommonExtensionComponents-2\"\r\n    xmlns:qdt=\"urn:oasis:names:specification:ubl:schema:xsd:QualifiedDatatypes-2\"\r\n    xmlns:udt=\"urn:un:unece:uncefact:data:specification:UnqualifiedDataTypesSchemaModule:2\"\r\n    xmlns:xsd=\"http://www.w3.org/2001/XMLSchema\"\r\n    xmlns:xsi=\"http://www.w3.org/2001/XMLSchema-instance\"\r\n    xsi:schemaLocation=\"urn:oasis:names:specification:ubl:schema:xsd:Invoice-2 http://docs.oasis-open.org/ubl/os-UBL-2.0/xsd/maindoc/UBL-Invoice-2.0.xsd\">\r\n    <cbc:UBLVersionID>2.0</cbc:UBLVersionID>\r\n    <cbc:CustomizationID schemeID=\"PEPPOL\">urn:www.cenbii.eu:transaction:biicoretrdm010:ver1.0:#urn:www.peppol.eu:bis:peppol4a:ver1.0</cbc:CustomizationID>\r\n    <cbc:ProfileID>urn:www.cenbii.eu:profile:bii04:ver1.0</cbc:ProfileID>    \r\n	<!-- cbc:ID>2/ 28</cbc:ID -->\r\n    <cbc:IssueDate>2012-01-31</cbc:IssueDate>\r\n    <cbc:InvoiceTypeCode listID=\"UN/ECE 1001\" listAgencyID=\"6\">380</cbc:InvoiceTypeCode>\r\n    <cbc:DocumentCurrencyCode listID=\"ISO 4217 Alpha\" listAgencyID=\"5\">EUR</cbc:DocumentCurrencyCode>\r\n     <cac:AccountingSupplierParty>\r\n        <cac:Party>\r\n            <cac:PartyName>\r\n                <cbc:Name>Azienda Unita\' Sanitaria Locale di Reggio Emilia</cbc:Name>\r\n            </cac:PartyName>\r\n            <cac:PostalAddress>\r\n                <cbc:StreetName>Via Amendola</cbc:StreetName>\r\n                <cbc:BuildingNumber>2</cbc:BuildingNumber>\r\n                <cbc:CityName>Reggio nell\'Emilia</cbc:CityName>\r\n                <cbc:PostalZone>42100</cbc:PostalZone>\r\n                <cbc:CountrySubentity>Reggio nell\'Emilia</cbc:CountrySubentity>\r\n                <cac:Country>\r\n                    <cbc:IdentificationCode listID=\"ISO3166-1\" listAgencyID=\"5\">IT</cbc:IdentificationCode>\r\n                </cac:Country>\r\n            </cac:PostalAddress>\r\n            <cac:PartyTaxScheme>\r\n                <cbc:CompanyID schemeID=\"IT:VAT\"\r\n                    schemeURI=\"urn:oasis:names:tc:ebcore:partyid-type:unregistered:bii:it:vat\">IT01598570354</cbc:CompanyID>\r\n                <cac:TaxScheme>\r\n                    <cbc:ID schemeID=\"UN/ECE 5153\" schemeAgencyID=\"6\">VAT</cbc:ID>\r\n                </cac:TaxScheme>\r\n            </cac:PartyTaxScheme>   \r\n        </cac:Party>\r\n    </cac:AccountingSupplierParty>\r\n    <cac:AccountingCustomerParty>\r\n        <cac:Party>\r\n            <cac:PartyName>\r\n                <cbc:Name>ARCISPEDALE SANTA MARIA NUOVA</cbc:Name>\r\n            </cac:PartyName>\r\n            <cac:PostalAddress>\r\n                <cbc:StreetName>VIALE  RISORGIMENTO</cbc:StreetName>\r\n                <cbc:BuildingNumber>80</cbc:BuildingNumber>\r\n                <cbc:CityName>Reggio nell\'Emilia</cbc:CityName>\r\n                <cbc:PostalZone>42100</cbc:PostalZone>\r\n                <cbc:CountrySubentity>Reggio nell\'Emilia</cbc:CountrySubentity>\r\n                <cac:Country>\r\n                    <cbc:IdentificationCode listID=\"ISO3166-1\" listAgencyID=\"5\">IT</cbc:IdentificationCode>\r\n                </cac:Country>\r\n            </cac:PostalAddress>\r\n            <cac:PartyTaxScheme>\r\n                <cbc:CompanyID schemeID=\"IT:VAT\"\r\n                    schemeURI=\"urn:oasis:names:tc:ebcore:partyid-type:unregistered:bii:it:vat\">IT01614660353</cbc:CompanyID>\r\n                <cac:TaxScheme>\r\n                    <cbc:ID schemeID=\"UN/ECE 5153\" schemeAgencyID=\"6\">VAT</cbc:ID>\r\n                </cac:TaxScheme>\r\n            </cac:PartyTaxScheme>\r\n        </cac:Party>\r\n    </cac:AccountingCustomerParty>\r\n    <cac:TaxTotal>\r\n        <cbc:TaxAmount currencyID=\"EUR\">0.37</cbc:TaxAmount>\r\n        <cac:TaxSubtotal>\r\n            <cbc:TaxableAmount currencyID=\"EUR\">3.63</cbc:TaxableAmount>\r\n            <cbc:TaxAmount currencyID=\"EUR\">0.37</cbc:TaxAmount>\r\n            <cac:TaxCategory>\r\n                <cbc:ID schemeID=\"UN/ECE 5305\" schemeAgencyID=\"6\">S</cbc:ID>\r\n                <cbc:Percent>10</cbc:Percent>\r\n                <cac:TaxScheme >\r\n                    <cbc:ID schemeID=\"UN/ECE 5153\" schemeAgencyID=\"6\">VAT</cbc:ID>\r\n                </cac:TaxScheme>\r\n            </cac:TaxCategory>\r\n        </cac:TaxSubtotal>        \r\n    </cac:TaxTotal>\r\n    <cac:LegalMonetaryTotal>\r\n        <cbc:LineExtensionAmount currencyID=\"EUR\">3.63</cbc:LineExtensionAmount>\r\n        <cbc:TaxExclusiveAmount currencyID=\"EUR\">3.63</cbc:TaxExclusiveAmount>\r\n        <cbc:TaxInclusiveAmount currencyID=\"EUR\">4</cbc:TaxInclusiveAmount>\r\n        <cbc:PayableRoundingAmount currencyID=\"EUR\">0.00162</cbc:PayableRoundingAmount>\r\n        <cbc:PayableAmount currencyID=\"EUR\">4</cbc:PayableAmount>\r\n    </cac:LegalMonetaryTotal>\r\n    <cac:InvoiceLine>\r\n        <cbc:ID>1</cbc:ID>\r\n        <cbc:InvoicedQuantity unitCode=\"AV\">16</cbc:InvoicedQuantity>\r\n        <cbc:LineExtensionAmount currencyID=\"EUR\">3.05</cbc:LineExtensionAmount>\r\n        <cac:DespatchLineReference>\r\n            <cbc:LineID>1</cbc:LineID>\r\n            <cac:DocumentReference>\r\n                <cbc:ID>28/ B</cbc:ID>\r\n                <cbc:IssueDate>2012-01-02</cbc:IssueDate>\r\n                <cbc:DocumentType>Legge ... </cbc:DocumentType>\r\n            </cac:DocumentReference>            \r\n        </cac:DespatchLineReference> \r\n        <cac:TaxTotal>\r\n            <cbc:TaxAmount currencyID=\"EUR\">0.31</cbc:TaxAmount>\r\n            <cac:TaxSubtotal>\r\n                <cbc:TaxAmount currencyID=\"EUR\">0.304736</cbc:TaxAmount>                \r\n                <cac:TaxCategory>\r\n                    <!-- da verificare se e\' effettivamente S -->\r\n                    <cbc:ID schemeID=\"UN/ECE 5305\" schemeAgencyID=\"6\">S</cbc:ID>\r\n                    <cbc:Percent>10</cbc:Percent>\r\n                    <cac:TaxScheme>\r\n                        <cbc:ID schemeID=\"UN/ECE 5153\" schemeAgencyID=\"6\">VAT</cbc:ID>\r\n                    </cac:TaxScheme>\r\n                </cac:TaxCategory>\r\n            </cac:TaxSubtotal>            \r\n        </cac:TaxTotal>\r\n        <cac:Item>            \r\n            <cbc:Name>AMBRAMICINA MG.250</cbc:Name>\r\n        </cac:Item>\r\n        <cac:Price>\r\n            <cbc:PriceAmount currencyID=\"EUR\">0.19046</cbc:PriceAmount>\r\n        </cac:Price>\r\n    </cac:InvoiceLine>\r\n    <cac:InvoiceLine>\r\n        <cbc:ID>2</cbc:ID>\r\n        <cbc:InvoicedQuantity unitCode=\"BX\">1</cbc:InvoicedQuantity>\r\n        <cbc:LineExtensionAmount currencyID=\"EUR\">0.58</cbc:LineExtensionAmount>\r\n        <cac:DespatchLineReference>\r\n            <cbc:LineID>1</cbc:LineID>\r\n            <cac:DocumentReference>\r\n                <cbc:ID>31/B</cbc:ID>\r\n                <cbc:IssueDate>2012-01-02</cbc:IssueDate>\r\n                <cbc:DocumentType>Legge ... </cbc:DocumentType>\r\n            </cac:DocumentReference>            \r\n        </cac:DespatchLineReference>        \r\n        <cac:TaxTotal>\r\n            <cbc:TaxAmount currencyID=\"EUR\">0.06</cbc:TaxAmount>\r\n            <cac:TaxSubtotal>\r\n                <cbc:TaxAmount currencyID=\"EUR\">0.058102</cbc:TaxAmount>\r\n                <cac:TaxCategory>\r\n                    <!-- da verificare se e\' effettivamente S -->\r\n                    <cbc:ID schemeID=\"UN/ECE 5305\" schemeAgencyID=\"6\">S</cbc:ID>\r\n                    <cbc:Percent>10</cbc:Percent>\r\n                    <cac:TaxScheme>\r\n                        <cbc:ID schemeID=\"UN/ECE 5153\" schemeAgencyID=\"6\">VAT</cbc:ID>\r\n                    </cac:TaxScheme>\r\n                </cac:TaxCategory>\r\n            </cac:TaxSubtotal>            \r\n        </cac:TaxTotal>\r\n        <cac:Item>            \r\n            <cbc:Name>FITOSTIMOLINE 10 GARZE</cbc:Name>\r\n        </cac:Item>\r\n        <cac:Price>\r\n            <cbc:PriceAmount currencyID=\"EUR\">0.58102</cbc:PriceAmount>\r\n        </cac:Price>\r\n    </cac:InvoiceLine>\r\n</in:Invoice>\r\n','2014-06-25T15:45:51Z','2014-06-25T15:45:51Z',1),(3,'FI-1_document-xml-website-IN-1_TA-1_TP-1','20140625T154552Z_FI-1_document-xml-website-IN-1_TA-1_TP-1_UID-3_ubl-invoice.xml','document','ï»¿<?xml version=\"1.0\" encoding=\"UTF-8\"?>\r\n\r\n<!-- \r\n    Descrizione documento:     Esempio fattura emessa dall\'Azienda Unita\' Sanitaria Locale di Reggio Emilia \r\n    Prodotto il :              Febbraio 2012      \r\n    Prodotto da :              A. Brutti\r\n    Ambito:                    Intercent-ER - Piloti Peppol\r\n-->\r\n\r\n\r\n<in:Invoice xmlns:in=\"urn:oasis:names:specification:ubl:schema:xsd:Invoice-2\"\r\n    xmlns:cac=\"urn:oasis:names:specification:ubl:schema:xsd:CommonAggregateComponents-2\"\r\n    xmlns:cbc=\"urn:oasis:names:specification:ubl:schema:xsd:CommonBasicComponents-2\"\r\n    xmlns:ccts=\"urn:un:unece:uncefact:documentation:2\"\r\n    xmlns:ext=\"urn:oasis:names:specification:ubl:schema:xsd:CommonExtensionComponents-2\"\r\n    xmlns:qdt=\"urn:oasis:names:specification:ubl:schema:xsd:QualifiedDatatypes-2\"\r\n    xmlns:udt=\"urn:un:unece:uncefact:data:specification:UnqualifiedDataTypesSchemaModule:2\"\r\n    xmlns:xsd=\"http://www.w3.org/2001/XMLSchema\"\r\n    xmlns:xsi=\"http://www.w3.org/2001/XMLSchema-instance\"\r\n    xsi:schemaLocation=\"urn:oasis:names:specification:ubl:schema:xsd:Invoice-2 http://docs.oasis-open.org/ubl/os-UBL-2.0/xsd/maindoc/UBL-Invoice-2.0.xsd\">\r\n    <cbc:UBLVersionID>2.0</cbc:UBLVersionID>\r\n    <cbc:CustomizationID schemeID=\"PEPPOL\">urn:www.cenbii.eu:transaction:biicoretrdm010:ver1.0:#urn:www.peppol.eu:bis:peppol4a:ver1.0</cbc:CustomizationID>\r\n    <cbc:ProfileID>urn:www.cenbii.eu:profile:bii04:ver1.0</cbc:ProfileID>    \r\n	<cbc:ID>2/ 28</cbc:ID>\r\n    <cbc:IssueDate>2012-01-31</cbc:IssueDate>\r\n    <cbc:InvoiceTypeCode listID=\"UN/ECE 1001\" listAgencyID=\"6\">380</cbc:InvoiceTypeCode>\r\n    <cbc:DocumentCurrencyCode listID=\"ISO 4217 Alpha\" listAgencyID=\"5\">EUR</cbc:DocumentCurrencyCode>\r\n     <cac:AccountingSupplierParty>\r\n        <cac:Party>\r\n            <cac:PartyName>\r\n                <cbc:Name>Azienda Unita\' Sanitaria Locale di Reggio Emilia</cbc:Name>\r\n            </cac:PartyName>\r\n            <cac:PostalAddress>\r\n                <cbc:StreetName>Via Amendola</cbc:StreetName>\r\n                <cbc:BuildingNumber>2</cbc:BuildingNumber>\r\n                <cbc:CityName>Reggio nell\'Emilia</cbc:CityName>\r\n                <cbc:PostalZone>42100</cbc:PostalZone>\r\n                <cbc:CountrySubentity>Reggio nell\'Emilia</cbc:CountrySubentity>\r\n                <cac:Country>\r\n                    <cbc:IdentificationCode listID=\"ISO3166-1\" listAgencyID=\"5\">IT</cbc:IdentificationCode>\r\n                </cac:Country>\r\n            </cac:PostalAddress>\r\n            <cac:PartyTaxScheme>\r\n                <cbc:CompanyID schemeID=\"IT:VAT\"\r\n                    schemeURI=\"urn:oasis:names:tc:ebcore:partyid-type:unregistered:bii:it:vat\">IT01598570354</cbc:CompanyID>\r\n                <cac:TaxScheme>\r\n                    <cbc:ID schemeID=\"UN/ECE 5153\" schemeAgencyID=\"6\">VAT</cbc:ID>\r\n                </cac:TaxScheme>\r\n            </cac:PartyTaxScheme>   \r\n        </cac:Party>\r\n    </cac:AccountingSupplierParty>\r\n    <cac:AccountingCustomerParty>\r\n        <cac:Party>\r\n            <cac:PartyName>\r\n                <cbc:Name>ARCISPEDALE SANTA MARIA NUOVA</cbc:Name>\r\n            </cac:PartyName>\r\n            <cac:PostalAddress>\r\n                <cbc:StreetName>VIALE  RISORGIMENTO</cbc:StreetName>\r\n                <cbc:BuildingNumber>80</cbc:BuildingNumber>\r\n                <cbc:CityName>Reggio nell\'Emilia</cbc:CityName>\r\n                <cbc:PostalZone>42100</cbc:PostalZone>\r\n                <cbc:CountrySubentity>Reggio nell\'Emilia</cbc:CountrySubentity>\r\n                <cac:Country>\r\n                    <cbc:IdentificationCode listID=\"ISO3166-1\" listAgencyID=\"5\">IT</cbc:IdentificationCode>\r\n                </cac:Country>\r\n            </cac:PostalAddress>\r\n            <cac:PartyTaxScheme>\r\n                <cbc:CompanyID schemeID=\"IT:VAT\"\r\n                    schemeURI=\"urn:oasis:names:tc:ebcore:partyid-type:unregistered:bii:it:vat\">IT01614660353</cbc:CompanyID>\r\n                <cac:TaxScheme>\r\n                    <cbc:ID schemeID=\"UN/ECE 5153\" schemeAgencyID=\"6\">VAT</cbc:ID>\r\n                </cac:TaxScheme>\r\n            </cac:PartyTaxScheme>\r\n        </cac:Party>\r\n    </cac:AccountingCustomerParty>\r\n    <cac:TaxTotal>\r\n        <cbc:TaxAmount currencyID=\"EUR\">0.37</cbc:TaxAmount>\r\n        <cac:TaxSubtotal>\r\n            <cbc:TaxableAmount currencyID=\"EUR\">3.63</cbc:TaxableAmount>\r\n            <cbc:TaxAmount currencyID=\"EUR\">0.37</cbc:TaxAmount>\r\n            <cac:TaxCategory>\r\n                <cbc:ID schemeID=\"UN/ECE 5305\" schemeAgencyID=\"6\">S</cbc:ID>\r\n                <cbc:Percent>10</cbc:Percent>\r\n                <cac:TaxScheme >\r\n                    <cbc:ID schemeID=\"UN/ECE 5153\" schemeAgencyID=\"6\">VAT</cbc:ID>\r\n                </cac:TaxScheme>\r\n            </cac:TaxCategory>\r\n        </cac:TaxSubtotal>        \r\n    </cac:TaxTotal>\r\n    <cac:LegalMonetaryTotal>\r\n        <cbc:LineExtensionAmount currencyID=\"EUR\">3.63</cbc:LineExtensionAmount>\r\n        <cbc:TaxExclusiveAmount currencyID=\"EUR\">3.63</cbc:TaxExclusiveAmount>\r\n        <cbc:TaxInclusiveAmount currencyID=\"EUR\">4</cbc:TaxInclusiveAmount>\r\n        <cbc:PayableRoundingAmount currencyID=\"EUR\">0.00162</cbc:PayableRoundingAmount>\r\n        <cbc:PayableAmount currencyID=\"EUR\">4</cbc:PayableAmount>\r\n    </cac:LegalMonetaryTotal>\r\n    <cac:InvoiceLine>\r\n        <cbc:ID>1</cbc:ID>\r\n        <cbc:InvoicedQuantity unitCode=\"AV\">16</cbc:InvoicedQuantity>\r\n        <cbc:LineExtensionAmount currencyID=\"EUR\">3.05</cbc:LineExtensionAmount>\r\n        <cac:DespatchLineReference>\r\n            <cbc:LineID>1</cbc:LineID>\r\n            <cac:DocumentReference>\r\n                <cbc:ID>28/ B</cbc:ID>\r\n                <cbc:IssueDate>2012-01-02</cbc:IssueDate>\r\n                <cbc:DocumentType>Legge ... </cbc:DocumentType>\r\n            </cac:DocumentReference>            \r\n        </cac:DespatchLineReference> \r\n        <cac:TaxTotal>\r\n            <cbc:TaxAmount currencyID=\"EUR\">0.31</cbc:TaxAmount>\r\n            <cac:TaxSubtotal>\r\n                <cbc:TaxAmount currencyID=\"EUR\">0.304736</cbc:TaxAmount>                \r\n                <cac:TaxCategory>\r\n                    <!-- da verificare se e\' effettivamente S -->\r\n                    <cbc:ID schemeID=\"UN/ECE 5305\" schemeAgencyID=\"6\">S</cbc:ID>\r\n                    <cbc:Percent>10</cbc:Percent>\r\n                    <cac:TaxScheme>\r\n                        <cbc:ID schemeID=\"UN/ECE 5153\" schemeAgencyID=\"6\">VAT</cbc:ID>\r\n                    </cac:TaxScheme>\r\n                </cac:TaxCategory>\r\n            </cac:TaxSubtotal>            \r\n        </cac:TaxTotal>\r\n        <cac:Item>            \r\n            <cbc:Name>AMBRAMICINA MG.250</cbc:Name>\r\n        </cac:Item>\r\n        <cac:Price>\r\n            <cbc:PriceAmount currencyID=\"EUR\">0.19046</cbc:PriceAmount>\r\n        </cac:Price>\r\n    </cac:InvoiceLine>\r\n    <cac:InvoiceLine>\r\n        <cbc:ID>2</cbc:ID>\r\n        <cbc:InvoicedQuantity unitCode=\"BX\">1</cbc:InvoicedQuantity>\r\n        <cbc:LineExtensionAmount currencyID=\"EUR\">0.58</cbc:LineExtensionAmount>\r\n        <cac:DespatchLineReference>\r\n            <cbc:LineID>1</cbc:LineID>\r\n            <cac:DocumentReference>\r\n                <cbc:ID>31/B</cbc:ID>\r\n                <cbc:IssueDate>2012-01-02</cbc:IssueDate>\r\n                <cbc:DocumentType>Legge ... </cbc:DocumentType>\r\n            </cac:DocumentReference>            \r\n        </cac:DespatchLineReference>        \r\n        <cac:TaxTotal>\r\n            <cbc:TaxAmount currencyID=\"EUR\">0.06</cbc:TaxAmount>\r\n            <cac:TaxSubtotal>\r\n                <cbc:TaxAmount currencyID=\"EUR\">0.058102</cbc:TaxAmount>\r\n                <cac:TaxCategory>\r\n                    <!-- da verificare se e\' effettivamente S -->\r\n                    <cbc:ID schemeID=\"UN/ECE 5305\" schemeAgencyID=\"6\">S</cbc:ID>\r\n                    <cbc:Percent>10</cbc:Percent>\r\n                    <cac:TaxScheme>\r\n                        <cbc:ID schemeID=\"UN/ECE 5153\" schemeAgencyID=\"6\">VAT</cbc:ID>\r\n                    </cac:TaxScheme>\r\n                </cac:TaxCategory>\r\n            </cac:TaxSubtotal>            \r\n        </cac:TaxTotal>\r\n        <cac:Item>            \r\n            <cbc:Name>FITOSTIMOLINE 10 GARZE</cbc:Name>\r\n        </cac:Item>\r\n        <cac:Price>\r\n            <cbc:PriceAmount currencyID=\"EUR\">0.58102</cbc:PriceAmount>\r\n        </cac:Price>\r\n    </cac:InvoiceLine>\r\n</in:Invoice>\r\n','2014-06-25T15:45:52Z','2014-06-25T15:45:52Z',2),(4,'FI-2_document-xml-website-IN-2_TA-1_TP-1','20140625T154552Z_FI-2_document-xml-website-IN-2_TA-1_TP-1_UID-3_ubl-invoice_withError.xml','document','<?xml version=\"1.0\" encoding=\"UTF-8\"?>\r\n<?xml-stylesheet type=\"text/xsl\" href=\"stylesheets/CraneUBL2UN380Invoice-html-IT.xsl\"?>\r\n\r\n<!-- \r\n    Descrizione documento:     Esempio fattura emessa dall\'Azienda Unita\' Sanitaria Locale di Reggio Emilia \r\n    Prodotto il :              Febbraio 2012      \r\n    Prodotto da :              A. Brutti\r\n    Ambito:                    Intercent-ER - Piloti Peppol\r\n-->\r\n\r\n\r\n<in:Invoice xmlns:in=\"urn:oasis:names:specification:ubl:schema:xsd:Invoice-2\"\r\n    xmlns:cac=\"urn:oasis:names:specification:ubl:schema:xsd:CommonAggregateComponents-2\"\r\n    xmlns:cbc=\"urn:oasis:names:specification:ubl:schema:xsd:CommonBasicComponents-2\"\r\n    xmlns:ccts=\"urn:un:unece:uncefact:documentation:2\"\r\n    xmlns:ext=\"urn:oasis:names:specification:ubl:schema:xsd:CommonExtensionComponents-2\"\r\n    xmlns:qdt=\"urn:oasis:names:specification:ubl:schema:xsd:QualifiedDatatypes-2\"\r\n    xmlns:udt=\"urn:un:unece:uncefact:data:specification:UnqualifiedDataTypesSchemaModule:2\"\r\n    xmlns:xsd=\"http://www.w3.org/2001/XMLSchema\"\r\n    xmlns:xsi=\"http://www.w3.org/2001/XMLSchema-instance\"\r\n    xsi:schemaLocation=\"urn:oasis:names:specification:ubl:schema:xsd:Invoice-2 http://docs.oasis-open.org/ubl/os-UBL-2.0/xsd/maindoc/UBL-Invoice-2.0.xsd\">\r\n    <cbc:UBLVersionID>2.0</cbc:UBLVersionID>\r\n    <cbc:CustomizationID schemeID=\"PEPPOL\">urn:www.cenbii.eu:transaction:biicoretrdm010:ver1.0:#urn:www.peppol.eu:bis:peppol4a:ver1.0</cbc:CustomizationID>\r\n    <cbc:ProfileID>urn:www.cenbii.eu:profile:bii04:ver1.0</cbc:ProfileID>    \r\n	<!-- cbc:ID>2/ 28</cbc:ID -->\r\n    <cbc:IssueDate>2012-01-31</cbc:IssueDate>\r\n    <cbc:InvoiceTypeCode listID=\"UN/ECE 1001\" listAgencyID=\"6\">380</cbc:InvoiceTypeCode>\r\n    <cbc:DocumentCurrencyCode listID=\"ISO 4217 Alpha\" listAgencyID=\"5\">EUR</cbc:DocumentCurrencyCode>\r\n     <cac:AccountingSupplierParty>\r\n        <cac:Party>\r\n            <cac:PartyName>\r\n                <cbc:Name>Azienda Unita\' Sanitaria Locale di Reggio Emilia</cbc:Name>\r\n            </cac:PartyName>\r\n            <cac:PostalAddress>\r\n                <cbc:StreetName>Via Amendola</cbc:StreetName>\r\n                <cbc:BuildingNumber>2</cbc:BuildingNumber>\r\n                <cbc:CityName>Reggio nell\'Emilia</cbc:CityName>\r\n                <cbc:PostalZone>42100</cbc:PostalZone>\r\n                <cbc:CountrySubentity>Reggio nell\'Emilia</cbc:CountrySubentity>\r\n                <cac:Country>\r\n                    <cbc:IdentificationCode listID=\"ISO3166-1\" listAgencyID=\"5\">IT</cbc:IdentificationCode>\r\n                </cac:Country>\r\n            </cac:PostalAddress>\r\n            <cac:PartyTaxScheme>\r\n                <cbc:CompanyID schemeID=\"IT:VAT\"\r\n                    schemeURI=\"urn:oasis:names:tc:ebcore:partyid-type:unregistered:bii:it:vat\">IT01598570354</cbc:CompanyID>\r\n                <cac:TaxScheme>\r\n                    <cbc:ID schemeID=\"UN/ECE 5153\" schemeAgencyID=\"6\">VAT</cbc:ID>\r\n                </cac:TaxScheme>\r\n            </cac:PartyTaxScheme>   \r\n        </cac:Party>\r\n    </cac:AccountingSupplierParty>\r\n    <cac:AccountingCustomerParty>\r\n        <cac:Party>\r\n            <cac:PartyName>\r\n                <cbc:Name>ARCISPEDALE SANTA MARIA NUOVA</cbc:Name>\r\n            </cac:PartyName>\r\n            <cac:PostalAddress>\r\n                <cbc:StreetName>VIALE  RISORGIMENTO</cbc:StreetName>\r\n                <cbc:BuildingNumber>80</cbc:BuildingNumber>\r\n                <cbc:CityName>Reggio nell\'Emilia</cbc:CityName>\r\n                <cbc:PostalZone>42100</cbc:PostalZone>\r\n                <cbc:CountrySubentity>Reggio nell\'Emilia</cbc:CountrySubentity>\r\n                <cac:Country>\r\n                    <cbc:IdentificationCode listID=\"ISO3166-1\" listAgencyID=\"5\">IT</cbc:IdentificationCode>\r\n                </cac:Country>\r\n            </cac:PostalAddress>\r\n            <cac:PartyTaxScheme>\r\n                <cbc:CompanyID schemeID=\"IT:VAT\"\r\n                    schemeURI=\"urn:oasis:names:tc:ebcore:partyid-type:unregistered:bii:it:vat\">IT01614660353</cbc:CompanyID>\r\n                <cac:TaxScheme>\r\n                    <cbc:ID schemeID=\"UN/ECE 5153\" schemeAgencyID=\"6\">VAT</cbc:ID>\r\n                </cac:TaxScheme>\r\n            </cac:PartyTaxScheme>\r\n        </cac:Party>\r\n    </cac:AccountingCustomerParty>\r\n    <cac:TaxTotal>\r\n        <cbc:TaxAmount currencyID=\"EUR\">0.37</cbc:TaxAmount>\r\n        <cac:TaxSubtotal>\r\n            <cbc:TaxableAmount currencyID=\"EUR\">3.63</cbc:TaxableAmount>\r\n            <cbc:TaxAmount currencyID=\"EUR\">0.37</cbc:TaxAmount>\r\n            <cac:TaxCategory>\r\n                <cbc:ID schemeID=\"UN/ECE 5305\" schemeAgencyID=\"6\">S</cbc:ID>\r\n                <cbc:Percent>10</cbc:Percent>\r\n                <cac:TaxScheme >\r\n                    <cbc:ID schemeID=\"UN/ECE 5153\" schemeAgencyID=\"6\">VAT</cbc:ID>\r\n                </cac:TaxScheme>\r\n            </cac:TaxCategory>\r\n        </cac:TaxSubtotal>        \r\n    </cac:TaxTotal>\r\n    <cac:LegalMonetaryTotal>\r\n        <cbc:LineExtensionAmount currencyID=\"EUR\">3.63</cbc:LineExtensionAmount>\r\n        <cbc:TaxExclusiveAmount currencyID=\"EUR\">3.63</cbc:TaxExclusiveAmount>\r\n        <cbc:TaxInclusiveAmount currencyID=\"EUR\">4</cbc:TaxInclusiveAmount>\r\n        <cbc:PayableRoundingAmount currencyID=\"EUR\">0.00162</cbc:PayableRoundingAmount>\r\n        <cbc:PayableAmount currencyID=\"EUR\">4</cbc:PayableAmount>\r\n    </cac:LegalMonetaryTotal>\r\n    <cac:InvoiceLine>\r\n        <cbc:ID>1</cbc:ID>\r\n        <cbc:InvoicedQuantity unitCode=\"AV\">16</cbc:InvoicedQuantity>\r\n        <cbc:LineExtensionAmount currencyID=\"EUR\">3.05</cbc:LineExtensionAmount>\r\n        <cac:DespatchLineReference>\r\n            <cbc:LineID>1</cbc:LineID>\r\n            <cac:DocumentReference>\r\n                <cbc:ID>28/ B</cbc:ID>\r\n                <cbc:IssueDate>2012-01-02</cbc:IssueDate>\r\n                <cbc:DocumentType>Legge ... </cbc:DocumentType>\r\n            </cac:DocumentReference>            \r\n        </cac:DespatchLineReference> \r\n        <cac:TaxTotal>\r\n            <cbc:TaxAmount currencyID=\"EUR\">0.31</cbc:TaxAmount>\r\n            <cac:TaxSubtotal>\r\n                <cbc:TaxAmount currencyID=\"EUR\">0.304736</cbc:TaxAmount>                \r\n                <cac:TaxCategory>\r\n                    <!-- da verificare se e\' effettivamente S -->\r\n                    <cbc:ID schemeID=\"UN/ECE 5305\" schemeAgencyID=\"6\">S</cbc:ID>\r\n                    <cbc:Percent>10</cbc:Percent>\r\n                    <cac:TaxScheme>\r\n                        <cbc:ID schemeID=\"UN/ECE 5153\" schemeAgencyID=\"6\">VAT</cbc:ID>\r\n                    </cac:TaxScheme>\r\n                </cac:TaxCategory>\r\n            </cac:TaxSubtotal>            \r\n        </cac:TaxTotal>\r\n        <cac:Item>            \r\n            <cbc:Name>AMBRAMICINA MG.250</cbc:Name>\r\n        </cac:Item>\r\n        <cac:Price>\r\n            <cbc:PriceAmount currencyID=\"EUR\">0.19046</cbc:PriceAmount>\r\n        </cac:Price>\r\n    </cac:InvoiceLine>\r\n    <cac:InvoiceLine>\r\n        <cbc:ID>2</cbc:ID>\r\n        <cbc:InvoicedQuantity unitCode=\"BX\">1</cbc:InvoicedQuantity>\r\n        <cbc:LineExtensionAmount currencyID=\"EUR\">0.58</cbc:LineExtensionAmount>\r\n        <cac:DespatchLineReference>\r\n            <cbc:LineID>1</cbc:LineID>\r\n            <cac:DocumentReference>\r\n                <cbc:ID>31/B</cbc:ID>\r\n                <cbc:IssueDate>2012-01-02</cbc:IssueDate>\r\n                <cbc:DocumentType>Legge ... </cbc:DocumentType>\r\n            </cac:DocumentReference>            \r\n        </cac:DespatchLineReference>        \r\n        <cac:TaxTotal>\r\n            <cbc:TaxAmount currencyID=\"EUR\">0.06</cbc:TaxAmount>\r\n            <cac:TaxSubtotal>\r\n                <cbc:TaxAmount currencyID=\"EUR\">0.058102</cbc:TaxAmount>\r\n                <cac:TaxCategory>\r\n                    <!-- da verificare se e\' effettivamente S -->\r\n                    <cbc:ID schemeID=\"UN/ECE 5305\" schemeAgencyID=\"6\">S</cbc:ID>\r\n                    <cbc:Percent>10</cbc:Percent>\r\n                    <cac:TaxScheme>\r\n                        <cbc:ID schemeID=\"UN/ECE 5153\" schemeAgencyID=\"6\">VAT</cbc:ID>\r\n                    </cac:TaxScheme>\r\n                </cac:TaxCategory>\r\n            </cac:TaxSubtotal>            \r\n        </cac:TaxTotal>\r\n        <cac:Item>            \r\n            <cbc:Name>FITOSTIMOLINE 10 GARZE</cbc:Name>\r\n        </cac:Item>\r\n        <cac:Price>\r\n            <cbc:PriceAmount currencyID=\"EUR\">0.58102</cbc:PriceAmount>\r\n        </cac:Price>\r\n    </cac:InvoiceLine>\r\n</in:Invoice>\r\n','2014-06-25T15:45:52Z','2014-06-25T15:45:52Z',2);
/*!40000 ALTER TABLE `filestore` ENABLE KEYS */;
UNLOCK TABLES;

--
-- Table structure for table `guidescription`
--

DROP TABLE IF EXISTS `guidescription`;
/*!40101 SET @saved_cs_client     = @@character_set_client */;
/*!40101 SET character_set_client = utf8 */;
CREATE TABLE `guidescription` (
  `id` bigint(20) NOT NULL AUTO_INCREMENT,
  `language` varchar(255) DEFAULT NULL,
  `value` varchar(255) DEFAULT NULL,
  `userinput_id` bigint(20) DEFAULT NULL,
  PRIMARY KEY (`id`),
  KEY `FKA3306FE1D24B93DC` (`userinput_id`)
) ENGINE=InnoDB AUTO_INCREMENT=33 DEFAULT CHARSET=latin1;
/*!40101 SET character_set_client = @saved_cs_client */;

--
-- Dumping data for table `guidescription`
--

LOCK TABLES `guidescription` WRITE;
/*!40000 ALTER TABLE `guidescription` DISABLE KEYS */;
INSERT INTO `guidescription` VALUES (1,'en','Upload of Input with fileIdRef = FI-1_document-xml-website-IN-1_TA-1_TP-1.',1),(2,'it','Upload dell\'Input con fileIdRef = FI-1_document-xml-website-IN-1_TA-1_TP-1.',1),(3,'en','Upload of Input with fileIdRef = FI-2_document-xml-website-IN-2_TA-1_TP-1.',1),(4,'it','Upload dell\'Input con fileIdRef = FI-2_document-xml-website-IN-2_TA-1_TP-1.',1),(5,'en','Upload of Input with fileIdRef = FI-1_document-xml-website-IN-1_TA-1_TP-1.',2),(6,'it','Upload dell\'Input con fileIdRef = FI-1_document-xml-website-IN-1_TA-1_TP-1.',2),(7,'en','Upload of Input with fileIdRef = FI-2_document-xml-website-IN-2_TA-1_TP-1.',2),(8,'it','Upload dell\'Input con fileIdRef = FI-2_document-xml-website-IN-2_TA-1_TP-1.',2),(9,'en','Upload of Input with fileIdRef = FI-1_document-xml-website-IN-1_TA-1_TP-1.',3),(10,'it','Upload dell\'Input con fileIdRef = FI-1_document-xml-website-IN-1_TA-1_TP-1.',3),(11,'en','Upload of Input with fileIdRef = FI-1_document-xml-website-IN-1_TA-1_TP-2.',4),(12,'it','Upload dell\'Input con fileIdRef = FI-1_document-xml-website-IN-1_TA-1_TP-2.',4),(13,'en','Upload of Input with fileIdRef = FI-2_document-xml-website-IN-1_TA-2_TP-2.',5),(14,'it','Upload dell\'Input con fileIdRef = FI-2_document-xml-website-IN-1_TA-2_TP-2.',5),(15,'en','Upload of CORRECT UBL Invoice.',6),(16,'it','Upload della Fattura UBL CORRETTA.',6),(17,'en','Upload of WRONG UBL Invoice.',7),(18,'it','Upload della Fattura UBL SCORRETTA.',7),(19,'en','Upload of CORRECT UBL Invoice.',8),(20,'it','Upload della Fattura UBL CORRETTA.',8),(21,'en','Upload of WRONG UBL Invoice.',9),(22,'it','Upload della Fattura UBL SCORRETTA.',9),(23,'en','Upload of Input with fileIdRef = FI-1_document-xml-website-IN-1_TA-1_TP-1.',10),(24,'it','Upload dell\'Input con fileIdRef = FI-1_document-xml-website-IN-1_TA-1_TP-1.',10),(25,'en','Upload of Input with fileIdRef = FI-2_document-xml-website-IN-2_TA-1_TP-1.',10),(26,'it','Upload dell\'Input con fileIdRef = FI-2_document-xml-website-IN-2_TA-1_TP-1.',10),(27,'en','Upload of Input with fileIdRef = FI-1_document-xml-website-IN-1_TA-1_TP-1.',11),(28,'it','Upload dell\'Input con fileIdRef = FI-1_document-xml-website-IN-1_TA-1_TP-1.',11),(29,'en','Upload of Input with fileIdRef = FI-2_document-xml-website-IN-2_TA-1_TP-1.',11),(30,'it','Upload dell\'Input con fileIdRef = FI-2_document-xml-website-IN-2_TA-1_TP-1.',11),(31,'en','Upload of Input with fileIdRef = FI-1_document-xml-website-IN-1_TA-1_TP-1.',12),(32,'it','Upload dell\'Input con fileIdRef = FI-1_document-xml-website-IN-1_TA-1_TP-1.',12);
/*!40000 ALTER TABLE `guidescription` ENABLE KEYS */;
UNLOCK TABLES;

--
-- Table structure for table `inputdescription`
--

DROP TABLE IF EXISTS `inputdescription`;
/*!40101 SET @saved_cs_client     = @@character_set_client */;
/*!40101 SET character_set_client = utf8 */;
CREATE TABLE `inputdescription` (
  `id` bigint(20) NOT NULL AUTO_INCREMENT,
  `language` varchar(255) DEFAULT NULL,
  `value` varchar(255) DEFAULT NULL,
  `userinput_id` bigint(20) DEFAULT NULL,
  PRIMARY KEY (`id`),
  KEY `FK9BA49F2D24B93DC` (`userinput_id`)
) ENGINE=InnoDB AUTO_INCREMENT=33 DEFAULT CHARSET=latin1;
/*!40101 SET character_set_client = @saved_cs_client */;

--
-- Dumping data for table `inputdescription`
--

LOCK TABLES `inputdescription` WRITE;
/*!40000 ALTER TABLE `inputdescription` DISABLE KEYS */;
INSERT INTO `inputdescription` VALUES (1,'en','Send UBL Invoice.',1),(2,'it','Invia Fattura UBL.',1),(3,'en','Send UBL Invoice.',1),(4,'it','Invia Fattura UBL.',1),(5,'en','Send UBL Invoice.',2),(6,'it','Invia Fattura UBL.',2),(7,'en','Send UBL Invoice.',2),(8,'it','Invia Fattura UBL.',2),(9,'en','Send UBL Invoice.',3),(10,'it','Invia Fattura UBL.',3),(11,'en','Send UBL Invoice.',4),(12,'it','Invia Fattura UBL.',4),(13,'en','Send UBL Invoice.',5),(14,'it','Invia Fattura UBL.',5),(15,'en','Sending of CORRECT UBL Invoice.',6),(16,'it','Invio della Fattura UBL CORRETTA.',6),(17,'en','Sending of WRONG UBL Invoice.',7),(18,'it','Invio della Fattura UBL SCORRETTA.',7),(19,'en','Sending of CORRECT UBL Invoice.',8),(20,'it','Invio della Fattura UBL CORRETTA.',8),(21,'en','Sending of WRONG UBL Invoice.',9),(22,'it','Invio della Fattura UBL SCORRETTA.',9),(23,'en','Send UBL Invoice.',10),(24,'it','Invia Fattura UBL.',10),(25,'en','Send UBL Invoice.',10),(26,'it','Invia Fattura UBL.',10),(27,'en','Send UBL Invoice.',11),(28,'it','Invia Fattura UBL.',11),(29,'en','Send UBL Invoice.',11),(30,'it','Invia Fattura UBL.',11),(31,'en','Send UBL Invoice.',12),(32,'it','Invia Fattura UBL.',12);
/*!40000 ALTER TABLE `inputdescription` ENABLE KEYS */;
UNLOCK TABLES;

--
-- Table structure for table `report`
--

DROP TABLE IF EXISTS `report`;
/*!40101 SET @saved_cs_client     = @@character_set_client */;
/*!40101 SET character_set_client = utf8 */;
CREATE TABLE `report` (
  `id` bigint(20) NOT NULL AUTO_INCREMENT,
  `name` varchar(255) DEFAULT NULL,
  `sessionID` bigint(20) DEFAULT NULL,
  `datetime` varchar(255) DEFAULT NULL,
  `state` varchar(255) DEFAULT NULL,
  `location` varchar(255) DEFAULT NULL,
  `publication` varchar(255) DEFAULT NULL,
  `logLocation` varchar(255) DEFAULT NULL,
  `fullDescription` mediumtext,
  `xml` mediumtext,
  `partialResultSuccessfully` bit(1) NOT NULL,
  `finalResultSuccessfully` bit(1) NOT NULL,
  `tempResult_id` bigint(20) DEFAULT NULL,
  PRIMARY KEY (`id`),
  KEY `FKC84C553424E8F41` (`tempResult_id`)
) ENGINE=InnoDB AUTO_INCREMENT=3 DEFAULT CHARSET=latin1;
/*!40101 SET character_set_client = @saved_cs_client */;

--
-- Dumping data for table `report`
--

LOCK TABLES `report` WRITE;
/*!40000 ALTER TABLE `report` DISABLE KEYS */;
INSERT INTO `report` VALUES (1,'TR-1',1,'2014-06-25T15:45:49Z','final','C:/Java/jboss-4.2.3.GA/server/default/TeBES_Artifacts/users/2/reports/TR-1.xml','http://www.ubl-italia.org/TeBES/users/2/reports/TR-1.xml','C:/Java/jboss-4.2.3.GA/server/default/TeBES_Artifacts/users/2/logs/LG-1.log','\nUser: Angelo Frascella\nUser ID: 2\nCurrent DateTime: 2014-06-25T15:45:49Z\nLocalization: en\n\nReport ID: 1\nReport Location: C:/Java/jboss-4.2.3.GA/server/default/TeBES_Artifacts/users/2/reports/TR-1.xml\nReport Publication: http://www.ubl-italia.org/TeBES/users/2/reports/TR-1.xml\nThis Log File Location: C:/Java/jboss-4.2.3.GA/server/default/TeBES_Artifacts/users/2/logs/LG-1.log\nReport Template Location: C:/Java/jboss-4.2.3.GA/server/default/TeBES_Artifacts/users/0/reports/TR-0.xml\nReport DOM Creation\nReport HEADER updated in XML through DOM\nReport DOM XML Session updated\nReport DOM XML User updated\nReport DOM XML SUT updated\nReport DOM XML TestPlan updated\nReport DOM XML Action 1 updated\nReport DOM XML Action 11 updated\nSet XML into the Report Bean\nUpdating Report OK\nCreated Report for new Session.\n\n\n-- Start Execution of Action: Correct XMLSchema-UBL-T10--\nBuilding... TAF for action: Correct XMLSchema-UBL-T10\nBuilt TAF List of 1 TAF.\nBuilt TAF Correct XMLSchema-UBL-T10 OK.\nStart execution TAF Correct XMLSchema-UBL-T10pre-executeTAF check: The file does not contain a valid UBL 2 invoice.\n--- TAF: Correct XMLSchema-UBL-T10 ---\n\n- Prerequisite OK... EXE Predicate\n- Language: http://www.w3.org/2001/XMLSchema\n- Value: http://winter.bologna.enea.it/peppol_schema_rep/xsd/maindoc/UBL-Invoice-2.0.xsd\n-executeTestRule: taf.getName(): Correct XMLSchema-UBL-T10\n-executeTestRule: taf.getInputs().size(): 1\n-executeTestRule: testRule.getLanguage(): http://www.w3.org/2001/XMLSchema\n-executeTestRule: testRule.getValue(): http://winter.bologna.enea.it/peppol_schema_rep/xsd/maindoc/UBL-Invoice-2.0.xsd\n-executeTestRule: file: FI-1_document-xml-website-IN-1_TA-1_TP-91\n-executeTestRule: file: 20140625T154550Z_FI-1_document-xml-website-IN-1_TA-1_TP-91_UID-2_ubl-invoice.xml\n-executeTestRule: file: documentexecuteTestRule: file: C:/Java/jboss-4.2.3.GA/server/default/TeBES_Artifacts/users/2/docs/20140625T154550Z_FI-1_document-xml-website-IN-1_TA-1_TP-91_UID-2_ubl-invoice.xml\n-START validation XMLSCHEMA\n-executeTestRule: xml: C:/Java/jboss-4.2.3.GA/server/default/TeBES_Artifacts/users/2/docs/20140625T154550Z_FI-1_document-xml-website-IN-1_TA-1_TP-91_UID-2_ubl-invoice.xml\n-executeTestRule: xsd: http://winter.bologna.enea.it/peppol_schema_rep/xsd/maindoc/UBL-Invoice-2.0.xsdXML Schema Validation - XML: C:/Java/jboss-4.2.3.GA/server/default/TeBES_Artifacts/users/2/docs/20140625T154550Z_FI-1_document-xml-website-IN-1_TA-1_TP-91_UID-2_ubl-invoice.xmlXML Schema Validation - XSD: http://winter.bologna.enea.it/peppol_schema_rep/xsd/maindoc/UBL-Invoice-2.0.xsd\n-END XMLSCHEMA Validation\n-POST executeTAF call (okPrerequisites)\n\nTest Rule Output: pass\nPartial Result post executeTestRule: true\nEND executeTAF: Correct XMLSchema-UBL-T10\n----\n\nTestResults express as ONLY 1 SingleResult.\nResult: true\n-- End Execution of Action: Correct XMLSchema-UBL-T10--\n\n\n-- Start Execution of Action: Wrong XMLSchema-UBL-T10--\nBuilding... TAF for action: Wrong XMLSchema-UBL-T10\nBuilt TAF List of 1 TAF.\nBuilt TAF Wrong XMLSchema-UBL-T10 OK.\nStart execution TAF Wrong XMLSchema-UBL-T10pre-executeTAF check: The file does not contain a valid UBL 2 invoice.\n--- TAF: Wrong XMLSchema-UBL-T10 ---\n\n- Prerequisite OK... EXE Predicate\n- Language: http://www.w3.org/2001/XMLSchema\n- Value: http://winter.bologna.enea.it/peppol_schema_rep/xsd/maindoc/UBL-Invoice-2.0.xsd\n-executeTestRule: taf.getName(): Wrong XMLSchema-UBL-T10\n-executeTestRule: taf.getInputs().size(): 1\n-executeTestRule: testRule.getLanguage(): http://www.w3.org/2001/XMLSchema\n-executeTestRule: testRule.getValue(): http://winter.bologna.enea.it/peppol_schema_rep/xsd/maindoc/UBL-Invoice-2.0.xsd\n-executeTestRule: file: FI-1_document-xml-website-IN-1_TA-2_TP-91\n-executeTestRule: file: 20140625T154551Z_FI-1_document-xml-website-IN-1_TA-2_TP-91_UID-2_ubl-invoice_withError.xml\n-executeTestRule: file: documentexecuteTestRule: file: C:/Java/jboss-4.2.3.GA/server/default/TeBES_Artifacts/users/2/docs/20140625T154551Z_FI-1_document-xml-website-IN-1_TA-2_TP-91_UID-2_ubl-invoice_withError.xml\n-START validation XMLSCHEMA\n-executeTestRule: xml: C:/Java/jboss-4.2.3.GA/server/default/TeBES_Artifacts/users/2/docs/20140625T154551Z_FI-1_document-xml-website-IN-1_TA-2_TP-91_UID-2_ubl-invoice_withError.xml\n-executeTestRule: xsd: http://winter.bologna.enea.it/peppol_schema_rep/xsd/maindoc/UBL-Invoice-2.0.xsdXML Schema Validation - XML: C:/Java/jboss-4.2.3.GA/server/default/TeBES_Artifacts/users/2/docs/20140625T154551Z_FI-1_document-xml-website-IN-1_TA-2_TP-91_UID-2_ubl-invoice_withError.xmlXML Schema Validation - XSD: http://winter.bologna.enea.it/peppol_schema_rep/xsd/maindoc/UBL-Invoice-2.0.xsdAdd TestResult 0: fail 26 cvc-complex-type.2.4.a: Invalid content was found starting with element \'cbc:IssueDate\'. One of \'{\"urn:oasis:names:specification:ubl:schema:xsd:CommonBasicComponents-2\":ID}\' is expected.\n-END XMLSCHEMA Validation\n-POST executeTAF call (okPrerequisites)\n\nTest Rule Output: fail\nPartial Result post executeTestRule: false\nEND executeTAF: Wrong XMLSchema-UBL-T10\n----\n\nTestResults express as ONLY 1 SingleResult.\nResult: false\n-- End Execution of Action: Wrong XMLSchema-UBL-T10--','<?xml version=\"1.0\" encoding=\"UTF-8\"?>\n<?xml-stylesheet type=\"text/xsl\" href=\"../../../xsl/TeBES_TestReport.xsl\" ?><!-- \n    Document Description:		Report generated from Template through TeBES Platform\n    Template Creation Date:     2013, 1 March \n    Author:              		Cristiano Novelli\n    Project:                    Tecnopolo (X-Lab, Cross-TEC, ENEA)\n--><tebes:Report xmlns:tebes=\"http://www.ubl-italia.org/TeBES\"\n              xmlns:xsi=\"http://www.w3.org/2001/XMLSchema-instance\"\n              lg=\"en\">\n	\n	  <tebes:ReportHeader>\n	<!-- \n		Every \"id\" element takes the unique value of the identifier generated by DBMS for the related entity. \n		The state element can take 2 values: \"draft\" or \"final\" \n	-->\n	    <tebes:Id>1</tebes:Id>\n	    <tebes:Name>TR-1</tebes:Name>\n	    <tebes:State>final</tebes:State>\n	    <tebes:Description lg=\"en\">File Report TR-1</tebes:Description>\n	    <tebes:Description lg=\"it\">TR-1 Report File</tebes:Description>\n	  </tebes:ReportHeader>\n	\n    <tebes:Session id=\"1\">\n    <!-- The Session element describes the session related to current Report and the triple (User, SUT, TestPlan) -->\n        \n        <tebes:CreationDateTime>2014-06-25T15:45:49Z</tebes:CreationDateTime>\n        <tebes:LastUpdateDateTime>2014-06-25T15:45:52Z</tebes:LastUpdateDateTime>\n        \n        <tebes:User id=\"2\">\n            <tebes:Name>Angelo</tebes:Name>\n            <tebes:Surname>Frascella</tebes:Surname>\n            <tebes:SUTList>\n                <tebes:SUT id=\"15\">\n                	<tebes:Name>SystemSUT1-1</tebes:Name>\n                	<tebes:Description>XML document1 uploaded by email</tebes:Description>\n                	<tebes:Type>document</tebes:Type>\n                    <tebes:Language>EMPTY</tebes:Language>\n                    <tebes:Interaction>website</tebes:Interaction>\n                </tebes:SUT>\n            </tebes:SUTList>\n        </tebes:User>\n        \n        <tebes:TestPlan id=\"4\">\n        	<tebes:Name>TP-91_1</tebes:Name>\n            <tebes:Description lg=\"en\">TP-91 Test Plan is used to test a correct UBL invoice and a wrong UBL invoice against XML Schema.</tebes:Description>\n            <tebes:Description lg=\"it\">Test Plan TP-91 è definito e utilizzato per testare una Fattura UBL corretta e una sbagliata con XML Schema.</tebes:Description>\n            <tebes:CreationDateTime>2014-06-25T15:45:49Z</tebes:CreationDateTime>\n            <tebes:LastUpdateDateTime>2014-06-25T15:45:49Z</tebes:LastUpdateDateTime>\n            <tebes:State>draft</tebes:State>\n            <tebes:Reference>EMPTY</tebes:Reference>\n        </tebes:TestPlan>\n    </tebes:Session>\n\n    <tebes:TestPlanExecution>\n    	<tebes:GlobalResult>successful</tebes:GlobalResult>\n        <!-- Global Result can take the following 5 values: \n        		\"undefined\": result is undefined because no action has been executed; \n        		\"success\": when every action finished with success result;\n        		\"warning\": when there is at least an action with warning result and no action with failure or error result;\n        		\"failure\": when there is at least an action with failure result and no action with error result; \n        		\"error\": there is at least an action with error result, this means that a system error happened -->  \n        		    \n        <tebes:TestActionList>\n\n            <tebes:TestAction id=\"TA-1_TP-91\" number=\"1\">\n                <tebes:ActionName>Correct XMLSchema-UBL-T10</tebes:ActionName>\n                <tebes:ActionDescription lg=\"en\">CORRECT UBL Invoice XML Schema Validation.</tebes:ActionDescription>\n                <tebes:ActionDescription lg=\"it\">Validazione di una CORRETTA Fattura UBL con XML Schema.</tebes:ActionDescription>\n                <tebes:Test lg=\"taml\"\n                        location=\"C:/Java/jboss-4.2.3.GA/server/default/TeBES_Artifacts/testsuites/UBL/TS-001_UBL/TC-001_XMLSchema-UBL-T10.xml\"\n                        skipPrerequisites=\"true\"\n                        type=\"TestAssertion\">TA-001_TC-001_TS-001</tebes:Test>\n                \n                <tebes:Inputs>\n	                <tebes:Input>\n					             <tebes:Name>IN-1_TA-1_TP-91</tebes:Name>					    \n						            <tebes:SUT fileIdRef=\"FI-1_document-xml-website-IN-1_TA-1_TP-91\"\n                             fileSource=\"http://www.ubl-italia.org/TeBES/FileManager?userId=2fileIdRef=FI-1_document-xml-website-IN-1_TA-1_TP-91\"\n                             interaction=\"website\"\n                             lg=\"xml\"\n                             type=\"document\">		    \n						</tebes:SUT>\n					          </tebes:Input>\n				        </tebes:Inputs>\n				\n                <tebes:TestResults message=\"The file is valid against UBL2 Invoice XML Schema.\" result=\"pass\">                	\n                    <tebes:SingleResult id=\"TA-1_TP-91_0\" line=\"0\" message=\"Success: Empty Error Message List\"\n                                   name=\"Correct XMLSchema-UBL-T10\"\n                                   result=\"pass\"/>\n                </tebes:TestResults>\n                \n            </tebes:TestAction>\n            \n        <tebes:TestAction id=\"TA-2_TP-91\" number=\"2\">\n                <tebes:ActionName>Wrong XMLSchema-UBL-T10</tebes:ActionName>\n                <tebes:ActionDescription lg=\"en\">WRONG UBL Invoice XML Schema Validation.</tebes:ActionDescription>\n                <tebes:ActionDescription lg=\"it\">Validazione di una Fattura UBL SCORRETTA con XML Schema.</tebes:ActionDescription>\n                <tebes:Test lg=\"taml\"\n                        location=\"C:/Java/jboss-4.2.3.GA/server/default/TeBES_Artifacts/testsuites/UBL/TS-001_UBL/TC-001_XMLSchema-UBL-T10.xml\"\n                        skipPrerequisites=\"true\"\n                        type=\"TestAssertion\">TA-001_TC-001_TS-001</tebes:Test>\n                \n                <tebes:Inputs>\n	                <tebes:Input>\n					             <tebes:Name>IN-1_TA-2_TP-91</tebes:Name>					    \n						            <tebes:SUT fileIdRef=\"FI-1_document-xml-website-IN-1_TA-2_TP-91\"\n                             fileSource=\"http://www.ubl-italia.org/TeBES/FileManager?userId=2fileIdRef=FI-1_document-xml-website-IN-1_TA-2_TP-91\"\n                             interaction=\"website\"\n                             lg=\"xml\"\n                             type=\"document\">		    \n						</tebes:SUT>\n					          </tebes:Input>\n				        </tebes:Inputs>\n				\n                <tebes:TestResults message=\"The file does not contain a valid UBL 2 invoice.\" result=\"fail\">                	\n                    <tebes:SingleResult id=\"TA-2_TP-91_0\" line=\"26\"\n                                   message=\"cvc-complex-type.2.4.a: Invalid content was found starting with element \'cbc:IssueDate\'. One of \'{&#34;urn:oasis:names:specification:ubl:schema:xsd:CommonBasicComponents-2&#34;:ID}\' is expected.\"\n                                   name=\"Wrong XMLSchema-UBL-T10\"\n                                   result=\"fail\"/>\n                </tebes:TestResults>\n                \n            </tebes:TestAction>\n      </tebes:TestActionList>\n    </tebes:TestPlanExecution>\n\n</tebes:Report>','\0','\0',NULL),(2,'TR-2',2,'2014-06-25T15:45:50Z','final','C:/Java/jboss-4.2.3.GA/server/default/TeBES_Artifacts/users/3/reports/TR-2.xml','http://www.ubl-italia.org/TeBES/users/3/reports/TR-2.xml','C:/Java/jboss-4.2.3.GA/server/default/TeBES_Artifacts/users/3/logs/LG-2.log','\nUser: Piero Desabbata\nUser ID: 3\nCurrent DateTime: 2014-06-25T15:45:50Z\nLocalization: en\n\nReport ID: 2\nReport Location: C:/Java/jboss-4.2.3.GA/server/default/TeBES_Artifacts/users/3/reports/TR-2.xml\nReport Publication: http://www.ubl-italia.org/TeBES/users/3/reports/TR-2.xml\nThis Log File Location: C:/Java/jboss-4.2.3.GA/server/default/TeBES_Artifacts/users/3/logs/LG-2.log\nReport Template Location: C:/Java/jboss-4.2.3.GA/server/default/TeBES_Artifacts/users/0/reports/TR-0.xml\nReport DOM Creation\nReport HEADER updated in XML through DOM\nReport DOM XML Session updated\nReport DOM XML User updated\nReport DOM XML SUT updated\nReport DOM XML TestPlan updated\nReport DOM XML Action 1 updated\nReport DOM XML Action 11 updated\nSet XML into the Report Bean\nUpdating Report OK\nCreated Report for new Session.\n\n\n-- Start Execution of Action: XMLSchema-UBL-T10--\nBuilding... TAF for action: XMLSchema-UBL-T10\nBuilt TAF List of 1 TAF.\nBuilt TAF XMLSchema-UBL-T10 OK.\nStart execution TAF XMLSchema-UBL-T10pre-executeTAF check: The file does not contain a valid UBL 2 invoice.\n--- TAF: XMLSchema-UBL-T10 ---\n\n- Prerequisite OK... EXE Predicate\n- Language: http://www.w3.org/2001/XMLSchema\n- Value: http://winter.bologna.enea.it/peppol_schema_rep/xsd/maindoc/UBL-Invoice-2.0.xsd\n-executeTestRule: taf.getName(): XMLSchema-UBL-T10\n-executeTestRule: taf.getInputs().size(): 2\n-executeTestRule: testRule.getLanguage(): http://www.w3.org/2001/XMLSchema\n-executeTestRule: testRule.getValue(): http://winter.bologna.enea.it/peppol_schema_rep/xsd/maindoc/UBL-Invoice-2.0.xsd\n-executeTestRule: file: FI-1_document-xml-website-IN-1_TA-1_TP-1\n-executeTestRule: file: 20140625T154552Z_FI-1_document-xml-website-IN-1_TA-1_TP-1_UID-3_ubl-invoice.xml\n-executeTestRule: file: documentexecuteTestRule: file: C:/Java/jboss-4.2.3.GA/server/default/TeBES_Artifacts/users/3/docs/20140625T154552Z_FI-1_document-xml-website-IN-1_TA-1_TP-1_UID-3_ubl-invoice.xml\n-START validation XMLSCHEMA\n-executeTestRule: xml: C:/Java/jboss-4.2.3.GA/server/default/TeBES_Artifacts/users/3/docs/20140625T154552Z_FI-1_document-xml-website-IN-1_TA-1_TP-1_UID-3_ubl-invoice.xml\n-executeTestRule: xsd: http://winter.bologna.enea.it/peppol_schema_rep/xsd/maindoc/UBL-Invoice-2.0.xsdXML Schema Validation - XML: C:/Java/jboss-4.2.3.GA/server/default/TeBES_Artifacts/users/3/docs/20140625T154552Z_FI-1_document-xml-website-IN-1_TA-1_TP-1_UID-3_ubl-invoice.xmlXML Schema Validation - XSD: http://winter.bologna.enea.it/peppol_schema_rep/xsd/maindoc/UBL-Invoice-2.0.xsd\n-END XMLSCHEMA Validation\n-POST executeTAF call (okPrerequisites)\n\nTest Rule Output: pass\nPartial Result post executeTestRule: true\nEND executeTAF: XMLSchema-UBL-T10\n----\n\nTestResults express as ONLY 1 SingleResult.\nResult: true\n-- End Execution of Action: XMLSchema-UBL-T10--\n\n\n-- Start Execution of Action: SDI-UBL--\nBuilding... TAF for action: SDI-UBL\nBuilt TAF List of 1 TAF.\nBuilt TAF SDI-UBL OK.\nStart execution TAF SDI-UBLpre-executeTAF check: Failed Italian Intercent-ER (SDI-UBL) Schematron UBL Invoice validation.\n--- TAF: SDI-UBL ---\n\nPrerequisite: ITNAT-UBL-T10\nBuilding TAF from: ITNAT-UBL-T10\nTAF list size: 1\n---> Recursive execution\nTAFPrerequisite with j: 0 and name ITNAT-UBL-T10\n--- TAF: ITNAT-UBL-T10 ---\n\nPrerequisite: EUGEN-UBL-T10\nBuilding TAF from: EUGEN-UBL-T10\nTAF list size: 1\n---> Recursive execution\nTAFPrerequisite with j: 0 and name EUGEN-UBL-T10\n--- TAF: EUGEN-UBL-T10 ---\n\nPrerequisite: BIIRULES-UBL-T10\nBuilding TAF from: BIIRULES-UBL-T10\nTAF list size: 1\n---> Recursive execution\nTAFPrerequisite with j: 0 and name BIIRULES-UBL-T10\n--- TAF: BIIRULES-UBL-T10 ---\n\nPrerequisite: BIIPROFILES-UBL-T10\nBuilding TAF from: BIIPROFILES-UBL-T10\nTAF list size: 1\n---> Recursive execution\nTAFPrerequisite with j: 0 and name BIIPROFILES-UBL-T10\n--- TAF: BIIPROFILES-UBL-T10 ---\n\nPrerequisite: BIICORE-UBL-T10\nBuilding TAF from: BIICORE-UBL-T10\nTAF list size: 1\n---> Recursive execution\nTAFPrerequisite with j: 0 and name BIICORE-UBL-T10\n--- TAF: BIICORE-UBL-T10 ---\n\nPrerequisite: XMLSchema-UBL-T10\nBuilding TAF from: XMLSchema-UBL-T10\nTAF list size: 1\n---> Recursive execution\nTAFPrerequisite with j: 0 and name XMLSchema-UBL-T10\n--- TAF: XMLSchema-UBL-T10 ---\n\n- Prerequisite OK... EXE Predicate\n- Language: http://www.w3.org/2001/XMLSchema\n- Value: http://winter.bologna.enea.it/peppol_schema_rep/xsd/maindoc/UBL-Invoice-2.0.xsd\n-executeTestRule: taf.getName(): XMLSchema-UBL-T10\n-executeTestRule: taf.getInputs().size(): 1\n-executeTestRule: testRule.getLanguage(): http://www.w3.org/2001/XMLSchema\n-executeTestRule: testRule.getValue(): http://winter.bologna.enea.it/peppol_schema_rep/xsd/maindoc/UBL-Invoice-2.0.xsd\n-executeTestRule: file: FI-1_document-xml-website-IN-1_TA-1_TP-1\n-executeTestRule: file: 20140625T154552Z_FI-1_document-xml-website-IN-1_TA-1_TP-1_UID-3_ubl-invoice.xml\n-executeTestRule: file: documentexecuteTestRule: file: C:/Java/jboss-4.2.3.GA/server/default/TeBES_Artifacts/users/3/docs/20140625T154552Z_FI-1_document-xml-website-IN-1_TA-1_TP-1_UID-3_ubl-invoice.xml\n-START validation XMLSCHEMA\n-executeTestRule: xml: C:/Java/jboss-4.2.3.GA/server/default/TeBES_Artifacts/users/3/docs/20140625T154552Z_FI-1_document-xml-website-IN-1_TA-1_TP-1_UID-3_ubl-invoice.xml\n-executeTestRule: xsd: http://winter.bologna.enea.it/peppol_schema_rep/xsd/maindoc/UBL-Invoice-2.0.xsdXML Schema Validation - XML: C:/Java/jboss-4.2.3.GA/server/default/TeBES_Artifacts/users/3/docs/20140625T154552Z_FI-1_document-xml-website-IN-1_TA-1_TP-1_UID-3_ubl-invoice.xmlXML Schema Validation - XSD: http://winter.bologna.enea.it/peppol_schema_rep/xsd/maindoc/UBL-Invoice-2.0.xsd\n-END XMLSCHEMA Validation\n-POST executeTAF call (okPrerequisites)\n\nTest Rule Output: pass\nPartial Result post executeTestRule: true\nEND executeTAF: XMLSchema-UBL-T10\n----\n\nPartial Result: true\nactionId: TA-2_TP-1\nisPrerequisite > new Node\n 0.PrerequisiteResult/@result=EMPTY > tebes:PrerequisiteResult\nresultValue: EMPTY\n1.PrerequisiteResult/@result=EMPTY > Template!\nTAF Execution: pass\nisPrerequisite: true\nsumPrerequisites: true\n- Prerequisite OK... EXE Predicate\n- Language: http://purl.oclc.org/dsdl/schematron\n- Value: http://winter.bologna.enea.it/peppol_schema_rep/schematron/biicore/BIICORE-UBL-T10.sch\n-executeTestRule: taf.getName(): BIICORE-UBL-T10\n-executeTestRule: taf.getInputs().size(): 1\n-executeTestRule: testRule.getLanguage(): http://purl.oclc.org/dsdl/schematron\n-executeTestRule: testRule.getValue(): http://winter.bologna.enea.it/peppol_schema_rep/schematron/biicore/BIICORE-UBL-T10.sch\n-executeTestRule: file: FI-1_document-xml-website-IN-1_TA-1_TP-1\n-executeTestRule: file: 20140625T154552Z_FI-1_document-xml-website-IN-1_TA-1_TP-1_UID-3_ubl-invoice.xml\n-executeTestRule: file: documentexecuteTestRule: file: C:/Java/jboss-4.2.3.GA/server/default/TeBES_Artifacts/users/3/docs/20140625T154552Z_FI-1_document-xml-website-IN-1_TA-1_TP-1_UID-3_ubl-invoice.xml\n-START SCHEMATRON Validation\nAdd TestResult 0: error 20 [BIICORE-T10-R302]-A conformant CEN BII invoice core data model SHOULD not have data elements not in the core. (not(cac:InvoiceLine/cac:DespatchLineReference) and contains(cbc:CustomizationID, \'urn:www.cenbii.eu:transaction:biicoretrdm010:ver1.0\') or not(contains(cbc:CustomizationID, \'urn:www.cenbii.eu:transaction:biicoretrdm010:ver1.0\')))\nAdd TestResult 1: error 20 [BIICORE-T10-R323]-A conformant CEN BII invoice core data model SHOULD not have data elements not in the core. (not(cac:InvoiceLine/cac:TaxTotal/cac:TaxSubtotal) and contains(cbc:CustomizationID, \'urn:www.cenbii.eu:transaction:biicoretrdm010:ver1.0\') or not(contains(cbc:CustomizationID, \'urn:www.cenbii.eu:transaction:biicoretrdm010:ver1.0\')))\n-END SCHEMATRON Validation\n-POST executeTAF call (okPrerequisites)\n\nTest Rule Output: ERROR - warning\nPartial Result post executeTestRule: false\nEND executeTAF: BIICORE-UBL-T10\n----\n\nPartial Result: false\nactionId: TA-2_TP-1\nisPrerequisite > new Node\n 0.PrerequisiteResult/@result=EMPTY > tebes:PrerequisiteResult\nresultValue: pass\n1.PrerequisiteResult/@result=EMPTY > Clone!\n2.PrerequisiteResult/@result=EMPTY > tebes:PrerequisiteResult\n3.PrerequisiteResult/@result=EMPTY taf: BIICORE-UBL-T10\n5.EndPrequisiteResult Clone!\nTAF Execution: ERROR - warning\nisPrerequisite: true\nsumPrerequisites: false\nPrerequisite FAIL in the Execution of TAF: BIIPROFILES-UBL-T10\nEND executeTAF: BIIPROFILES-UBL-T10\n----\n\nPartial Result: false\nactionId: TA-2_TP-1\nisPrerequisite > new Node\n 0.PrerequisiteResult/@result=EMPTY > tebes:PrerequisiteResult\nresultValue: ERROR - warning\n1.PrerequisiteResult/@result=EMPTY > Clone!\n2.PrerequisiteResult/@result=EMPTY > tebes:PrerequisiteResult\n3.PrerequisiteResult/@result=EMPTY taf: BIIPROFILES-UBL-T10\n5.EndPrequisiteResult Clone!\nTAF Execution: notQualified\nisPrerequisite: true\nsumPrerequisites: false\nPrerequisite FAIL in the Execution of TAF: BIIRULES-UBL-T10\nEND executeTAF: BIIRULES-UBL-T10\n----\n\nPartial Result: false\nactionId: TA-2_TP-1\nisPrerequisite > new Node\n 0.PrerequisiteResult/@result=EMPTY > tebes:PrerequisiteResult\nresultValue: notQualified\n1.PrerequisiteResult/@result=EMPTY > Clone!\n2.PrerequisiteResult/@result=EMPTY > tebes:PrerequisiteResult\n3.PrerequisiteResult/@result=EMPTY taf: BIIRULES-UBL-T10\n5.EndPrequisiteResult Clone!\nTAF Execution: notQualified\nisPrerequisite: true\nsumPrerequisites: false\nPrerequisite FAIL in the Execution of TAF: EUGEN-UBL-T10\nEND executeTAF: EUGEN-UBL-T10\n----\n\nPartial Result: false\nactionId: TA-2_TP-1\nisPrerequisite > new Node\n 0.PrerequisiteResult/@result=EMPTY > tebes:PrerequisiteResult\nresultValue: notQualified\n1.PrerequisiteResult/@result=EMPTY > Clone!\n2.PrerequisiteResult/@result=EMPTY > tebes:PrerequisiteResult\n3.PrerequisiteResult/@result=EMPTY taf: EUGEN-UBL-T10\n5.EndPrequisiteResult Clone!\nTAF Execution: notQualified\nisPrerequisite: true\nsumPrerequisites: false\nPrerequisite FAIL in the Execution of TAF: ITNAT-UBL-T10\nEND executeTAF: ITNAT-UBL-T10\n----\n\nPartial Result: false\nactionId: TA-2_TP-1\nisPrerequisite > new Node\n 0.PrerequisiteResult/@result=EMPTY > tebes:PrerequisiteResult\nresultValue: notQualified\n1.PrerequisiteResult/@result=EMPTY > Clone!\n2.PrerequisiteResult/@result=EMPTY > tebes:PrerequisiteResult\n3.PrerequisiteResult/@result=EMPTY taf: ITNAT-UBL-T10\n5.EndPrequisiteResult Clone!\nTAF Execution: notQualified\nisPrerequisite: true\nsumPrerequisites: false\nPrerequisite FAIL in the Execution of TAF: SDI-UBL\nEND executeTAF: SDI-UBL\n----\nTestResults express as 2 SingleResult.\nSingleResult Node Clone.\nResult: false\n-- End Execution of Action: SDI-UBL--','<?xml version=\"1.0\" encoding=\"UTF-8\"?>\n<?xml-stylesheet type=\"text/xsl\" href=\"../../../xsl/TeBES_TestReport.xsl\" ?><!-- \n    Document Description:		Report generated from Template through TeBES Platform\n    Template Creation Date:     2013, 1 March \n    Author:              		Cristiano Novelli\n    Project:                    Tecnopolo (X-Lab, Cross-TEC, ENEA)\n--><tebes:Report xmlns:tebes=\"http://www.ubl-italia.org/TeBES\"\n              xmlns:xsi=\"http://www.w3.org/2001/XMLSchema-instance\"\n              lg=\"en\">\n	\n	  <tebes:ReportHeader>\n	<!-- \n		Every \"id\" element takes the unique value of the identifier generated by DBMS for the related entity. \n		The state element can take 2 values: \"draft\" or \"final\" \n	-->\n	    <tebes:Id>2</tebes:Id>\n	    <tebes:Name>TR-2</tebes:Name>\n	    <tebes:State>final</tebes:State>\n	    <tebes:Description lg=\"en\">File Report TR-2</tebes:Description>\n	    <tebes:Description lg=\"it\">TR-2 Report File</tebes:Description>\n	  </tebes:ReportHeader>\n	\n    <tebes:Session id=\"2\">\n    <!-- The Session element describes the session related to current Report and the triple (User, SUT, TestPlan) -->\n        \n        <tebes:CreationDateTime>2014-06-25T15:45:50Z</tebes:CreationDateTime>\n        <tebes:LastUpdateDateTime>2014-06-25T15:46:06Z</tebes:LastUpdateDateTime>\n        \n        <tebes:User id=\"3\">\n            <tebes:Name>Piero</tebes:Name>\n            <tebes:Surname>Desabbata</tebes:Surname>\n            <tebes:SUTList>\n                <tebes:SUT id=\"16\">\n                	<tebes:Name>SystemSUT2-2</tebes:Name>\n                	<tebes:Description>XML document1 uploaded by email</tebes:Description>\n                	<tebes:Type>document</tebes:Type>\n                    <tebes:Language>EMPTY</tebes:Language>\n                    <tebes:Interaction>website</tebes:Interaction>\n                </tebes:SUT>\n            </tebes:SUTList>\n        </tebes:User>\n        \n        <tebes:TestPlan id=\"5\">\n        	<tebes:Name>TP-1_1</tebes:Name>\n            <tebes:Description lg=\"en\">TP-1 Test Plan defined and used for the TeBES platform development.</tebes:Description>\n            <tebes:Description lg=\"it\">Test Plan TP-1 definito e utilizzato per lo sviluppo della piattaforma TeBES.</tebes:Description>\n            <tebes:CreationDateTime>2014-06-25T15:45:49Z</tebes:CreationDateTime>\n            <tebes:LastUpdateDateTime>2014-06-25T15:45:49Z</tebes:LastUpdateDateTime>\n            <tebes:State>draft</tebes:State>\n            <tebes:Reference>EMPTY</tebes:Reference>\n        </tebes:TestPlan>\n    </tebes:Session>\n\n    <tebes:TestPlanExecution>\n    	<tebes:GlobalResult>successful</tebes:GlobalResult>\n        <!-- Global Result can take the following 5 values: \n        		\"undefined\": result is undefined because no action has been executed; \n        		\"success\": when every action finished with success result;\n        		\"warning\": when there is at least an action with warning result and no action with failure or error result;\n        		\"failure\": when there is at least an action with failure result and no action with error result; \n        		\"error\": there is at least an action with error result, this means that a system error happened -->  \n        		    \n        <tebes:TestActionList>\n\n            <tebes:TestAction id=\"TA-1_TP-1\" number=\"1\">\n                <tebes:ActionName>XMLSchema-UBL-T10</tebes:ActionName>\n                <tebes:ActionDescription lg=\"en\">UBL 2.0 Invoice XML Schema Validation.</tebes:ActionDescription>\n                <tebes:ActionDescription lg=\"it\">Validazione UBL con XML Schema.</tebes:ActionDescription>\n                <tebes:Test lg=\"taml\"\n                        location=\"C:/Java/jboss-4.2.3.GA/server/default/TeBES_Artifacts/testsuites/UBL/TS-001_UBL/TC-001_XMLSchema-UBL-T10.xml\"\n                        skipPrerequisites=\"true\"\n                        type=\"TestAssertion\">TA-001_TC-001_TS-001</tebes:Test>\n                \n                <tebes:Inputs>\n	                <tebes:Input>\n					             <tebes:Name>IN-1_TA-1_TP-1</tebes:Name>					    \n						            <tebes:SUT fileIdRef=\"FI-1_document-xml-website-IN-1_TA-1_TP-1\"\n                             fileSource=\"http://www.ubl-italia.org/TeBES/FileManager?userId=3fileIdRef=FI-1_document-xml-website-IN-1_TA-1_TP-1\"\n                             interaction=\"website\"\n                             lg=\"xml\"\n                             type=\"document\">		    \n						</tebes:SUT>\n					          </tebes:Input>\n				           <tebes:Input>\n					             <tebes:Name>IN-2_TA-1_TP-1</tebes:Name>					    \n						            <tebes:SUT fileIdRef=\"FI-2_document-xml-website-IN-2_TA-1_TP-1\"\n                             fileSource=\"http://www.ubl-italia.org/TeBES/FileManager?userId=3fileIdRef=FI-2_document-xml-website-IN-2_TA-1_TP-1\"\n                             interaction=\"website\"\n                             lg=\"xml\"\n                             type=\"document\">		    \n						</tebes:SUT>\n					          </tebes:Input>\n            </tebes:Inputs>\n				\n                <tebes:TestResults message=\"The file is valid against UBL2 Invoice XML Schema.\" result=\"pass\">                	\n                    <tebes:SingleResult id=\"TA-1_TP-1_0\" line=\"0\" message=\"Success: Empty Error Message List\"\n                                   name=\"XMLSchema-UBL-T10\"\n                                   result=\"pass\"/>\n                </tebes:TestResults>\n                \n            </tebes:TestAction>\n            \n        <tebes:TestAction id=\"TA-2_TP-1\" number=\"2\">\n                <tebes:ActionName>SDI-UBL</tebes:ActionName>\n                <tebes:ActionDescription lg=\"en\">Italian INTERCENT-ER UBL Invoice Schematron Validation.</tebes:ActionDescription>\n                <tebes:ActionDescription lg=\"it\">Validazione Fattura UBL italiana INTERCENT-ER con Schematron.</tebes:ActionDescription>\n                <tebes:Test lg=\"taml\"\n                        location=\"C:/Java/jboss-4.2.3.GA/server/default/TeBES_Artifacts/testsuites/UBL/TS-005_sdi/TC-001_SDI-UBL-T10.xml\"\n                        skipPrerequisites=\"false\"\n                        type=\"TestAssertion\">TA-001_TC-001_TS-005</tebes:Test>\n                \n                <tebes:Inputs>\n	                <tebes:Input>\n					             <tebes:Name>IN-1_TA-2_TP-1</tebes:Name>					    \n						            <tebes:SUT fileIdRef=\"FI-1_document-xml-website-IN-1_TA-1_TP-1\"\n                             fileSource=\"http://www.ubl-italia.org/TeBES/FileManager?userId=3fileIdRef=FI-1_document-xml-website-IN-1_TA-1_TP-1\"\n                             interaction=\"website\"\n                             lg=\"xml\"\n                             type=\"document\">		    \n						</tebes:SUT>\n					          </tebes:Input>\n				        </tebes:Inputs>\n				\n                <tebes:TestResults message=\"The file is not qualified to perform the Italian Intercent-ER (SDI-UBL) Schematron UBL Invoice validation.\"\n                               result=\"notQualified\">                	\n                    <tebes:SingleResult id=\"TA-2_TP-1_0\" line=\"20\"\n                                   message=\"[BIICORE-T10-R302]-A conformant CEN BII invoice core data model SHOULD not have data elements not in the core. (not(cac:InvoiceLine/cac:DespatchLineReference) and contains(cbc:CustomizationID, \'urn:www.cenbii.eu:transaction:biicoretrdm010:ver1.0\') or not(contains(cbc:CustomizationID, \'urn:www.cenbii.eu:transaction:biicoretrdm010:ver1.0\')))\"\n                                   name=\"SDI-UBL\"\n                                   result=\"error\"/>\n               <tebes:SingleResult id=\"TA-2_TP-1_1\" line=\"20\"\n                                   message=\"[BIICORE-T10-R323]-A conformant CEN BII invoice core data model SHOULD not have data elements not in the core. (not(cac:InvoiceLine/cac:TaxTotal/cac:TaxSubtotal) and contains(cbc:CustomizationID, \'urn:www.cenbii.eu:transaction:biicoretrdm010:ver1.0\') or not(contains(cbc:CustomizationID, \'urn:www.cenbii.eu:transaction:biicoretrdm010:ver1.0\')))\"\n                                   name=\"SDI-UBL\"\n                                   result=\"error\"/>\n                </tebes:TestResults>\n                <tebes:Prerequisites>                	\n                    <tebes:PrerequisiteResult description=\"Italian PEPPOL UBL Invoice Schematron Validation.\"\n                                         id=\"ITNAT-UBL-T10-0-0\"\n                                         name=\"ITNAT-UBL-T10\"\n                                         result=\"notQualified\">\n		                    <tebes:SinglePrerequisiteResult line=\"0\" message=\"Failure: Prerequisite EUGEN-UBL-T10 failed!\"\n                                                  name=\"ITNAT-UBL-T10\"\n                                                  result=\"notQualified\"/>\n                    </tebes:PrerequisiteResult>\n               <tebes:PrerequisiteResult description=\"European PEPPOL UBL Invoice Schematron Validation.\"\n                                         id=\"EUGEN-UBL-T10-0-0\"\n                                         name=\"EUGEN-UBL-T10\"\n                                         result=\"notQualified\">\n		                    <tebes:SinglePrerequisiteResult line=\"0\" message=\"Failure: Prerequisite BIIRULES-UBL-T10 failed!\"\n                                                  name=\"EUGEN-UBL-T10\"\n                                                  result=\"notQualified\"/>\n                    </tebes:PrerequisiteResult>\n               <tebes:PrerequisiteResult description=\"BIIRULES UBL Invoice Schematron Validation.\"\n                                         id=\"BIIRULES-UBL-T10-0-0\"\n                                         name=\"BIIRULES-UBL-T10\"\n                                         result=\"notQualified\">\n		                    <tebes:SinglePrerequisiteResult line=\"0\" message=\"Failure: Prerequisite BIIPROFILES-UBL-T10 failed!\"\n                                                  name=\"BIIRULES-UBL-T10\"\n                                                  result=\"notQualified\"/>\n                    </tebes:PrerequisiteResult>\n               <tebes:PrerequisiteResult description=\"BIIPROFILES UBL Invoice Schematron Validation.\"\n                                         id=\"BIIPROFILES-UBL-T10-0-0\"\n                                         name=\"BIIPROFILES-UBL-T10\"\n                                         result=\"notQualified\">\n		                    <tebes:SinglePrerequisiteResult line=\"0\" message=\"Failure: Prerequisite BIICORE-UBL-T10 failed!\"\n                                                  name=\"BIIPROFILES-UBL-T10\"\n                                                  result=\"notQualified\"/>\n                    </tebes:PrerequisiteResult>\n               <tebes:PrerequisiteResult description=\"BIICORE UBL Invoice Schematron Validation.\"\n                                         id=\"BIICORE-UBL-T10-0-0\"\n                                         name=\"BIICORE-UBL-T10\"\n                                         result=\"ERROR - warning\">\n		                    <tebes:SinglePrerequisiteResult line=\"20\"\n                                                  message=\"[BIICORE-T10-R302]-A conformant CEN BII invoice core data model SHOULD not have data elements not in the core. (not(cac:InvoiceLine/cac:DespatchLineReference) and contains(cbc:CustomizationID, \'urn:www.cenbii.eu:transaction:biicoretrdm010:ver1.0\') or not(contains(cbc:CustomizationID, \'urn:www.cenbii.eu:transaction:biicoretrdm010:ver1.0\')))\"\n                                                  name=\"BIICORE-UBL-T10\"\n                                                  result=\"ERROR - warning\"/>\n                    </tebes:PrerequisiteResult>\n               <tebes:PrerequisiteResult description=\"UBL 2.0 Invoice XML Schema Validation.\" id=\"XMLSchema-UBL-T10-0-0\"\n                                         name=\"XMLSchema-UBL-T10\"\n                                         result=\"pass\">\n		                    <tebes:SinglePrerequisiteResult line=\"0\" message=\"Success: Empty Error Message List\" name=\"XMLSchema-UBL-T10\"\n                                                  result=\"pass\"/>\n                    </tebes:PrerequisiteResult>\n                </tebes:Prerequisites>\n            </tebes:TestAction>\n      </tebes:TestActionList>\n    </tebes:TestPlanExecution>\n\n</tebes:Report>','\0','\0',NULL);
/*!40000 ALTER TABLE `report` ENABLE KEYS */;
UNLOCK TABLES;

--
-- Table structure for table `reportdescription`
--

DROP TABLE IF EXISTS `reportdescription`;
/*!40101 SET @saved_cs_client     = @@character_set_client */;
/*!40101 SET character_set_client = utf8 */;
CREATE TABLE `reportdescription` (
  `id` bigint(20) NOT NULL AUTO_INCREMENT,
  `language` varchar(255) DEFAULT NULL,
  `value` varchar(255) DEFAULT NULL,
  `report_id` bigint(20) DEFAULT NULL,
  PRIMARY KEY (`id`),
  KEY `FK7567A648D92EA83` (`report_id`)
) ENGINE=InnoDB DEFAULT CHARSET=latin1;
/*!40101 SET character_set_client = @saved_cs_client */;

--
-- Dumping data for table `reportdescription`
--

LOCK TABLES `reportdescription` WRITE;
/*!40000 ALTER TABLE `reportdescription` DISABLE KEYS */;
/*!40000 ALTER TABLE `reportdescription` ENABLE KEYS */;
UNLOCK TABLES;

--
-- Table structure for table `role`
--

DROP TABLE IF EXISTS `role`;
/*!40101 SET @saved_cs_client     = @@character_set_client */;
/*!40101 SET character_set_client = utf8 */;
CREATE TABLE `role` (
  `id` bigint(20) NOT NULL AUTO_INCREMENT,
  `name` varchar(255) DEFAULT NULL,
  `description` varchar(255) DEFAULT NULL,
  `level` int(11) NOT NULL,
  PRIMARY KEY (`id`)
) ENGINE=InnoDB AUTO_INCREMENT=5 DEFAULT CHARSET=latin1;
/*!40101 SET character_set_client = @saved_cs_client */;

--
-- Dumping data for table `role`
--

LOCK TABLES `role` WRITE;
/*!40000 ALTER TABLE `role` DISABLE KEYS */;
INSERT INTO `role` VALUES (1,'standard_user','Standard User Role: he can execute a test plan but he can\'t create/edit it',1),(2,'advanced_user','Advanced User Role: he can create/edit/execute a test plan',2),(3,'admin_user','System Administrator Role: he is an advanced user and can add/modify test suites',3),(4,'super_user','Super User Role: he has whole power and permissions on test bed platform',4);
/*!40000 ALTER TABLE `role` ENABLE KEYS */;
UNLOCK TABLES;

--
-- Table structure for table `sut`
--

DROP TABLE IF EXISTS `sut`;
/*!40101 SET @saved_cs_client     = @@character_set_client */;
/*!40101 SET character_set_client = utf8 */;
CREATE TABLE `sut` (
  `id` bigint(20) NOT NULL AUTO_INCREMENT,
  `name` varchar(255) DEFAULT NULL,
  `description` varchar(255) DEFAULT NULL,
  `type` varchar(255) DEFAULT NULL,
  `user_id` bigint(20) DEFAULT NULL,
  PRIMARY KEY (`id`),
  KEY `FK1BE52AC268D63` (`user_id`)
) ENGINE=InnoDB AUTO_INCREMENT=17 DEFAULT CHARSET=latin1;
/*!40101 SET character_set_client = @saved_cs_client */;

--
-- Dumping data for table `sut`
--

LOCK TABLES `sut` WRITE;
/*!40000 ALTER TABLE `sut` DISABLE KEYS */;
INSERT INTO `sut` VALUES (1,'DefaultSUT','Default SUT Document-WebSite for User Novelli','document',1),(2,'SystemSUT2','System SUT 2: Document - email','document',1),(3,'SystemSUT3','System SUT 3: Document - Web Service Client','document',1),(4,'SystemSUT4','System SUT 4: Document - Web Service Server','document',1),(5,'SystemSUT5','System SUT 5: Transport - email','transport',1),(6,'SystemSUT6','System SUT 6: Transport - Web Service Client','transport',1),(7,'SystemSUT7','System SUT 7: Transport - Web Service Server','transport',1),(8,'SystemSUT8','System SUT 8: Process - WebSite','process',1),(9,'SystemSUT9','System SUT 9: Process - email','process',1),(10,'SystemSUT10','System SUT 10: Process - Web Service Client','process',1),(11,'SystemSUT11','System SUT 11: Process - Web Service Server','process',1),(12,'DefaultSUT','Default SUT Document-WebSite for User Frascella','document',2),(13,'DefaultSUT','Default SUT Document-WebSite for User Desabbata','document',3),(14,'DefaultSUT','Default SUT Document-WebSite for User Novelli','document',4),(15,'SystemSUT1-1','XML document1 uploaded by email','document',2),(16,'SystemSUT2-2','XML document1 uploaded by email','document',3);
/*!40000 ALTER TABLE `sut` ENABLE KEYS */;
UNLOCK TABLES;

--
-- Table structure for table `sutinteraction`
--

DROP TABLE IF EXISTS `sutinteraction`;
/*!40101 SET @saved_cs_client     = @@character_set_client */;
/*!40101 SET character_set_client = utf8 */;
CREATE TABLE `sutinteraction` (
  `id` bigint(20) NOT NULL AUTO_INCREMENT,
  `type` varchar(255) DEFAULT NULL,
  `endpoint` varchar(255) DEFAULT NULL,
  `sut_id` bigint(20) DEFAULT NULL,
  PRIMARY KEY (`id`),
  KEY `FK62ED4880C8782BD1` (`sut_id`)
) ENGINE=InnoDB AUTO_INCREMENT=17 DEFAULT CHARSET=latin1;
/*!40101 SET character_set_client = @saved_cs_client */;

--
-- Dumping data for table `sutinteraction`
--

LOCK TABLES `sutinteraction` WRITE;
/*!40000 ALTER TABLE `sutinteraction` DISABLE KEYS */;
INSERT INTO `sutinteraction` VALUES (1,'website',NULL,1),(2,'email',NULL,2),(3,'webservice-client',NULL,3),(4,'webservice-server',NULL,4),(5,'email',NULL,5),(6,'webservice-client',NULL,6),(7,'webservice-server',NULL,7),(8,'website',NULL,8),(9,'email',NULL,9),(10,'webservice-client',NULL,10),(11,'webservice-server',NULL,11),(12,'website',NULL,12),(13,'website',NULL,13),(14,'website',NULL,14),(15,'website',NULL,15),(16,'website',NULL,16);
/*!40000 ALTER TABLE `sutinteraction` ENABLE KEYS */;
UNLOCK TABLES;

--
-- Table structure for table `testaction`
--

DROP TABLE IF EXISTS `testaction`;
/*!40101 SET @saved_cs_client     = @@character_set_client */;
/*!40101 SET character_set_client = utf8 */;
CREATE TABLE `testaction` (
  `id` bigint(20) NOT NULL AUTO_INCREMENT,
  `state` varchar(255) DEFAULT NULL,
  `prerequisite` bit(1) NOT NULL,
  `actionNumber` int(11) NOT NULL,
  `actionName` varchar(255) DEFAULT NULL,
  `actionId` varchar(255) DEFAULT NULL,
  `testLanguage` varchar(255) DEFAULT NULL,
  `testType` varchar(255) DEFAULT NULL,
  `testLocation` varchar(255) DEFAULT NULL,
  `testValue` varchar(255) DEFAULT NULL,
  `skipTurnedON` bit(1) NOT NULL,
  `workflow_id` bigint(20) DEFAULT NULL,
  PRIMARY KEY (`id`),
  KEY `FK7DF08D486864CDF9` (`workflow_id`)
) ENGINE=InnoDB AUTO_INCREMENT=11 DEFAULT CHARSET=latin1;
/*!40101 SET character_set_client = @saved_cs_client */;

--
-- Dumping data for table `testaction`
--

LOCK TABLES `testaction` WRITE;
/*!40000 ALTER TABLE `testaction` DISABLE KEYS */;
INSERT INTO `testaction` VALUES (1,'new','\0',1,'XMLSchema-UBL-T10','TA-1_TP-1','taml','TestAssertion','C:/Java/jboss-4.2.3.GA/server/default/TeBES_Artifacts/testsuites/UBL/TS-001_UBL/TC-001_XMLSchema-UBL-T10.xml','TA-001_TC-001_TS-001','',1),(2,'new','\0',2,'SDI-UBL','TA-2_TP-1','taml','TestAssertion','C:/Java/jboss-4.2.3.GA/server/default/TeBES_Artifacts/testsuites/UBL/TS-005_sdi/TC-001_SDI-UBL-T10.xml','TA-001_TC-001_TS-005','\0',1),(3,'new','\0',1,'XMLSchema-UBL-T10','TA-1_TP-2','taml','TestAssertion','C:/Java/jboss-4.2.3.GA/server/default/TeBES_Artifacts/testsuites/UBL/TS-001_UBL/TC-001_XMLSchema-UBL-T10.xml','TA-001_TC-001_TS-001','',2),(4,'new','\0',2,'SDI-UBL','TA-2_TP-2','taml','TestAssertion','C:/Java/jboss-4.2.3.GA/server/default/TeBES_Artifacts/testsuites/UBL/TS-005_sdi/TC-001_SDI-UBL-T10.xml','TA-001_TC-001_TS-005','\0',2),(5,'new','\0',1,'Correct XMLSchema-UBL-T10','TA-1_TP-91','taml','TestAssertion','C:/Java/jboss-4.2.3.GA/server/default/TeBES_Artifacts/testsuites/UBL/TS-001_UBL/TC-001_XMLSchema-UBL-T10.xml','TA-001_TC-001_TS-001','',3),(6,'new','\0',2,'Wrong XMLSchema-UBL-T10','TA-2_TP-91','taml','TestAssertion','C:/Java/jboss-4.2.3.GA/server/default/TeBES_Artifacts/testsuites/UBL/TS-001_UBL/TC-001_XMLSchema-UBL-T10.xml','TA-001_TC-001_TS-001','',3),(7,'ready','\0',1,'Correct XMLSchema-UBL-T10','TA-1_TP-91','taml','TestAssertion','C:/Java/jboss-4.2.3.GA/server/default/TeBES_Artifacts/testsuites/UBL/TS-001_UBL/TC-001_XMLSchema-UBL-T10.xml','TA-001_TC-001_TS-001','',4),(8,'ready','\0',2,'Wrong XMLSchema-UBL-T10','TA-2_TP-91','taml','TestAssertion','C:/Java/jboss-4.2.3.GA/server/default/TeBES_Artifacts/testsuites/UBL/TS-001_UBL/TC-001_XMLSchema-UBL-T10.xml','TA-001_TC-001_TS-001','',4),(9,'ready','\0',1,'XMLSchema-UBL-T10','TA-1_TP-1','taml','TestAssertion','C:/Java/jboss-4.2.3.GA/server/default/TeBES_Artifacts/testsuites/UBL/TS-001_UBL/TC-001_XMLSchema-UBL-T10.xml','TA-001_TC-001_TS-001','',5),(10,'ready','\0',2,'SDI-UBL','TA-2_TP-1','taml','TestAssertion','C:/Java/jboss-4.2.3.GA/server/default/TeBES_Artifacts/testsuites/UBL/TS-005_sdi/TC-001_SDI-UBL-T10.xml','TA-001_TC-001_TS-005','\0',5);
/*!40000 ALTER TABLE `testaction` ENABLE KEYS */;
UNLOCK TABLES;

--
-- Table structure for table `testplan`
--

DROP TABLE IF EXISTS `testplan`;
/*!40101 SET @saved_cs_client     = @@character_set_client */;
/*!40101 SET character_set_client = utf8 */;
CREATE TABLE `testplan` (
  `id` bigint(20) NOT NULL AUTO_INCREMENT,
  `name` varchar(255) DEFAULT NULL,
  `creationDatetime` varchar(255) DEFAULT NULL,
  `lastUpdateDatetime` varchar(255) DEFAULT NULL,
  `state` varchar(255) DEFAULT NULL,
  `location` varchar(255) DEFAULT NULL,
  `publication` varchar(255) DEFAULT NULL,
  `user_id` bigint(20) DEFAULT NULL,
  `workflow_id` bigint(20) DEFAULT NULL,
  `testplanxml_id` bigint(20) DEFAULT NULL,
  PRIMARY KEY (`id`),
  KEY `FKBBB236BBE3ACFC51` (`testplanxml_id`),
  KEY `FKBBB236BBAC268D63` (`user_id`),
  KEY `FKBBB236BB6864CDF9` (`workflow_id`),
  CONSTRAINT `FKBBB236BB6864CDF9` FOREIGN KEY (`workflow_id`) REFERENCES `actionworkflow` (`id`),
  CONSTRAINT `FKBBB236BBAC268D63` FOREIGN KEY (`user_id`) REFERENCES `user` (`id`),
  CONSTRAINT `FKBBB236BBE3ACFC51` FOREIGN KEY (`testplanxml_id`) REFERENCES `testplanxml` (`id`)
) ENGINE=InnoDB AUTO_INCREMENT=6 DEFAULT CHARSET=latin1;
/*!40101 SET character_set_client = @saved_cs_client */;

--
-- Dumping data for table `testplan`
--

LOCK TABLES `testplan` WRITE;
/*!40000 ALTER TABLE `testplan` DISABLE KEYS */;
INSERT INTO `testplan` VALUES (1,'TP-1','2014-06-25T15:45:48Z','2014-06-25T15:45:48Z','draft','C:/Java/jboss-4.2.3.GA/server/default/TeBES_Artifacts/users/0/testplans/TP-1.xml','http://www.ubl-italia.org/TeBES/users/0/testplans/TP-1.xml',1,1,1),(2,'TP-2','2014-06-25T15:45:48Z','2014-06-25T15:45:48Z','draft','C:/Java/jboss-4.2.3.GA/server/default/TeBES_Artifacts/users/0/testplans/TP-2.xml','http://www.ubl-italia.org/TeBES/users/0/testplans/TP-2.xml',1,2,2),(3,'TP-91','2014-06-25T15:45:48Z','2014-06-25T15:45:48Z','draft','C:/Java/jboss-4.2.3.GA/server/default/TeBES_Artifacts/users/0/testplans/TP-91.xml','http://www.ubl-italia.org/TeBES/users/0/testplans/TP-91.xml',1,3,3),(4,'TP-91_1','2014-06-25T15:45:49Z','2014-06-25T15:45:49Z','draft','C:/Java/jboss-4.2.3.GA/server/default/TeBES_Artifacts/users/2/testplans/TP-91_1.xml','http://www.ubl-italia.org/TeBES/users/2/testplans/TP-91_1.xml',2,4,4),(5,'TP-1_1','2014-06-25T15:45:49Z','2014-06-25T15:45:49Z','draft','C:/Java/jboss-4.2.3.GA/server/default/TeBES_Artifacts/users/3/testplans/TP-1_1.xml','http://www.ubl-italia.org/TeBES/users/3/testplans/TP-1_1.xml',3,5,5);
/*!40000 ALTER TABLE `testplan` ENABLE KEYS */;
UNLOCK TABLES;

--
-- Table structure for table `testplandescription`
--

DROP TABLE IF EXISTS `testplandescription`;
/*!40101 SET @saved_cs_client     = @@character_set_client */;
/*!40101 SET character_set_client = utf8 */;
CREATE TABLE `testplandescription` (
  `id` bigint(20) NOT NULL AUTO_INCREMENT,
  `language` varchar(255) DEFAULT NULL,
  `value` varchar(255) DEFAULT NULL,
  `testplan_id` bigint(20) DEFAULT NULL,
  PRIMARY KEY (`id`),
  KEY `FK11E95A614041EF03` (`testplan_id`),
  CONSTRAINT `FK11E95A614041EF03` FOREIGN KEY (`testplan_id`) REFERENCES `testplan` (`id`)
) ENGINE=InnoDB AUTO_INCREMENT=11 DEFAULT CHARSET=latin1;
/*!40101 SET character_set_client = @saved_cs_client */;

--
-- Dumping data for table `testplandescription`
--

LOCK TABLES `testplandescription` WRITE;
/*!40000 ALTER TABLE `testplandescription` DISABLE KEYS */;
INSERT INTO `testplandescription` VALUES (1,'en','TP-1 Test Plan defined and used for the TeBES platform development.',1),(2,'it','Test Plan TP-1 definito e utilizzato per lo sviluppo della piattaforma TeBES.',1),(3,'en','TP-2 Test Plan defined and used for the TeBES platform development.',2),(4,'it','Test Plan TP-2 definito e utilizzato per lo sviluppo della piattaforma TeBES.',2),(5,'en','TP-91 Test Plan is used to test a correct UBL invoice and a wrong UBL invoice against XML Schema.',3),(6,'it','Test Plan TP-91 è definito e utilizzato per testare una Fattura UBL corretta e una sbagliata con XML Schema.',3),(7,'en','TP-91 Test Plan is used to test a correct UBL invoice and a wrong UBL invoice against XML Schema.',4),(8,'it','Test Plan TP-91 è definito e utilizzato per testare una Fattura UBL corretta e una sbagliata con XML Schema.',4),(9,'en','TP-1 Test Plan defined and used for the TeBES platform development.',5),(10,'it','Test Plan TP-1 definito e utilizzato per lo sviluppo della piattaforma TeBES.',5);
/*!40000 ALTER TABLE `testplandescription` ENABLE KEYS */;
UNLOCK TABLES;

--
-- Table structure for table `testplanxml`
--

DROP TABLE IF EXISTS `testplanxml`;
/*!40101 SET @saved_cs_client     = @@character_set_client */;
/*!40101 SET character_set_client = utf8 */;
CREATE TABLE `testplanxml` (
  `id` bigint(20) NOT NULL AUTO_INCREMENT,
  `absFileName` varchar(255) DEFAULT NULL,
  `xml` text,
  PRIMARY KEY (`id`)
) ENGINE=InnoDB AUTO_INCREMENT=6 DEFAULT CHARSET=latin1;
/*!40101 SET character_set_client = @saved_cs_client */;

--
-- Dumping data for table `testplanxml`
--

LOCK TABLES `testplanxml` WRITE;
/*!40000 ALTER TABLE `testplanxml` DISABLE KEYS */;
INSERT INTO `testplanxml` VALUES (1,'C:/Java/jboss-4.2.3.GA/server/default/TeBES_Artifacts/users/0/testplans/TP-1.xml','<?xml version=\"1.0\" encoding=\"UTF-8\"?>\r\n<?xml-stylesheet type=\"text/xsl\" href=\"../../../xsl/TeBES_TestPlan.xsl\" ?>\r\n\r\n<!-- \n    Document Description:		Test Plan created for the TeBES Platform\n    Author:              		Cristiano Novelli (X-Lab, Cross-TEC, ENEA)\n    Project:                    Tecnopolo\n-->\r\n<tebes:TestPlan xmlns:tebes=\"http://www.ubl-italia.org/TeBES\" xmlns:xsi=\"http://www.w3.org/2001/XMLSchema-instance\" lg=\"en\">\r\n	\r\n	<tebes:TestPlanHeader>\r\n	<!-- \n		The \"datetime\" elements are related to the creation and last modify datetime of file.\n		The state element can take 2 values: \"draft\" or \"final\" \n	-->\r\n	    <tebes:Id>1</tebes:Id>\r\n	    <tebes:Name>TP-1</tebes:Name>\r\n	    <tebes:State>draft</tebes:State>\r\n	    <tebes:Description lg=\"en\">TP-1 Test Plan defined and used for the TeBES platform development.</tebes:Description>\r\n	    <tebes:Description lg=\"it\">Test Plan TP-1 definito e utilizzato per lo sviluppo della piattaforma TeBES.</tebes:Description>\r\n	    <tebes:UserId>0</tebes:UserId>\r\n	    <tebes:CreationDatetime>2013-06-27T18:43:00Z</tebes:CreationDatetime>\r\n	    <tebes:LastUpdateDatetime>2014-02-04T17:15:00Z</tebes:LastUpdateDatetime>\r\n	</tebes:TestPlanHeader>\r\n    \r\n	<tebes:TestActionList>\r\n	\r\n		<tebes:TestAction id=\"TA-1_TP-1\" number=\"1\">\r\n			\r\n			<tebes:ActionName>XMLSchema-UBL-T10</tebes:ActionName>\r\n			<tebes:ActionDescription lg=\"en\">UBL 2.0 Invoice XML Schema Validation.</tebes:ActionDescription>\r\n			<tebes:ActionDescription lg=\"it\">Validazione UBL con XML Schema.</tebes:ActionDescription>\r\n			<tebes:Test lg=\"taml\" location=\"http://www.ubl-italia.org/TeBES/testsuites/UBL/TS-001_UBL/TC-001_XMLSchema-UBL-T10.xml\" skipPrerequisites=\"true\" type=\"TestAssertion\">TA-001_TC-001_TS-001</tebes:Test>\r\n			\r\n			<tebes:Inputs>\r\n				<tebes:Input>\r\n					\r\n				    <tebes:Name>IN-1_TA-1_TP-1</tebes:Name>\r\n				    \r\n					<tebes:InputDescription lg=\"en\">Send UBL Invoice.</tebes:InputDescription>\r\n					<tebes:InputDescription lg=\"it\">Invia Fattura UBL.</tebes:InputDescription>	\r\n					\r\n					<tebes:SUT fileIdRef=\"FI-1_document-xml-website-IN-1_TA-1_TP-1\" interaction=\"website\" lg=\"xml\" type=\"document\">		    \r\n					</tebes:SUT>\r\n					\r\n					<tebes:GUI reaction=\"upload\">\r\n						<tebes:GUIDescription lg=\"en\">Upload of Input with fileIdRef = FI-1_document-xml-website-IN-1_TA-1_TP-1.</tebes:GUIDescription>				\r\n						<tebes:GUIDescription lg=\"it\">Upload dell\'Input con fileIdRef = FI-1_document-xml-website-IN-1_TA-1_TP-1.</tebes:GUIDescription>				    				    \r\n					</tebes:GUI>\r\n				</tebes:Input>\r\n				<!-- Questo secondo input ha lo stesso fileIdRef, quindi indica che richiederà lo stesso file -->\r\n				<tebes:Input>\r\n					\r\n				    <tebes:Name>IN-2_TA-1_TP-1</tebes:Name>\r\n				    \r\n					<tebes:InputDescription lg=\"en\">Send UBL Invoice.</tebes:InputDescription>\r\n					<tebes:InputDescription lg=\"it\">Invia Fattura UBL.</tebes:InputDescription>	\r\n					\r\n					<tebes:SUT fileIdRef=\"FI-2_document-xml-website-IN-2_TA-1_TP-1\" interaction=\"website\" lg=\"xml\" type=\"document\">		    \r\n					</tebes:SUT>\r\n					\r\n					<tebes:GUI reaction=\"upload\">\r\n						<tebes:GUIDescription lg=\"en\">Upload of Input with fileIdRef = FI-2_document-xml-website-IN-2_TA-1_TP-1.</tebes:GUIDescription>				\r\n						<tebes:GUIDescription lg=\"it\">Upload dell\'Input con fileIdRef = FI-2_document-xml-website-IN-2_TA-1_TP-1.</tebes:GUIDescription>				    				    \r\n					</tebes:GUI>\r\n				</tebes:Input>\r\n			</tebes:Inputs>\r\n		</tebes:TestAction>\r\n	\r\n	\r\n		<!-- \n			Each tebes:TestAction MUST have a @number attribute used to enumerate every action.\n			The N actions will be execute from 1 to N, sequentially, \n			excepted different specification expressed through the tebes:TestPlan/tebes:Choreography element\n			\n			Each tebes:Test element MUST have a @type attribute used with one and only one of these values:\n				- \"TestAssertion\" \n				- \"TestCase\" \n				- \"TestSuite\" \n		-->\r\n		<tebes:TestAction id=\"TA-2_TP-1\" number=\"2\">\r\n			\r\n			<!-- \n				The following \"tebes:ActionName\" element can take different values \n				dependent on previous tebes:TestAction/@type attribute:\n				- \"TestAssertion\" \n					then tebes:ActionName element takes taml:testAssertion/@name from Test Assertion\n					(f.e. \"SDI-UBL\")\n				- \"TestCase\" \n					then tebes:ActionName element takes taml:testAssertionSet/@setname from Test Case\n					(f.e. \"Test Case for UBL Invoice Italian INTERCENT-ER Schematron validation\")\n				- \"TestSuite\" \n					then tebes:ActionName element takes Test Suite name folder\n					(f.e. \"TS-005_sdi\")\n			-->\r\n			<tebes:ActionName>SDI-UBL</tebes:ActionName>\r\n			\r\n			<!-- \n				The following \"tebes:ActionDescription\" element can take different values \n				dependent on previous tebes:TestAction/@type attribute:\n				- \"TestAssertion\" \n					then Name element takes taml:testAssertion/taml:description\n				- \"TestCase\" \n					then Name element takes taml:testAssertionSet/@setname (or user input)\n				- \"TestSuite\" then Name element takes Test Suite name folder  (or user input)\n			-->\r\n			<tebes:ActionDescription lg=\"en\">Italian INTERCENT-ER UBL Invoice Schematron Validation.</tebes:ActionDescription>\r\n			<tebes:ActionDescription lg=\"it\">Validazione Fattura UBL italiana INTERCENT-ER con Schematron.</tebes:ActionDescription>\r\n				\r\n			<!-- \n				The tebes:Test element contains the reference to test to execute, \n				dependent on previous tebes:TestAction/@type attribute:\n				- \"TestAssertion\" \n					then tebes:Test element takes taml:testAssertion/@id from Test Assertion\n					(f.e. \"TA-001_TC-001_TS-005\")\n				- \"TestCase\" \n					then tebes:Test element takes taml:testAssertionSet/@setid from Test Case\n					(f.e. \"TC-001_TS-005\")\n				- \"TestSuite\" \n					then tebes:Test element takes Test Suite name folder prefix\n					(f.e. \"TS-005\")\n					\n				The tebes:Test/@location specifies the location of the test:\n				- an XML file absolute path, in the cases of \"TestAssertion\" or \"TestCase\" types;\n				- a folder absolute path, in the case of \"TestSuite\" type\n			-->\r\n			<tebes:Test lg=\"taml\" location=\"http://www.ubl-italia.org/TeBES/testsuites/UBL/TS-005_sdi/TC-001_SDI-UBL-T10.xml\" skipPrerequisites=\"false\" type=\"TestAssertion\">TA-001_TC-001_TS-005</tebes:Test>\r\n				\r\n			<!-- \n				tebes:Input è un elemento che specifica l\'input da parte del SUT \n				(o il SUT stesso se l\'elemento è uno)\n				su cui sarà eseguita quest\'action.\n				Nell\'action corrente, per esempio, il SUT è la fattura UBL.\n				I seguenti attributi possono assumere i seguenti valori:\n				- type: \"document\", \"transport\", \"process\";			\n				- description: descrizione testuale\n			-->\r\n			<tebes:Inputs>\r\n				<tebes:Input>\r\n					\r\n				    <tebes:Name>IN-1_TA-2_TP-1</tebes:Name>\r\n				    \r\n					<tebes:InputDescription lg=\"en\">Send UBL Invoice.</tebes:InputDescription>\r\n					<tebes:InputDescription lg=\"it\">Invia Fattura UBL.</tebes:InputDescription>	\r\n					\r\n					<tebes:SUT fileIdRef=\"FI-1_document-xml-website-IN-1_TA-1_TP-1\" interaction=\"website\" lg=\"xml\" type=\"document\">		    \r\n					</tebes:SUT>\r\n					\r\n					<tebes:GUI reaction=\"upload\">\r\n						<tebes:GUIDescription lg=\"en\">Upload of Input with fileIdRef = FI-1_document-xml-website-IN-1_TA-1_TP-1.</tebes:GUIDescription>				\r\n						<tebes:GUIDescription lg=\"it\">Upload dell\'Input con fileIdRef = FI-1_document-xml-website-IN-1_TA-1_TP-1.</tebes:GUIDescription>				    				    \r\n					</tebes:GUI>\r\n				</tebes:Input>\r\n			</tebes:Inputs>\r\n		</tebes:TestAction>\r\n		\r\n	</tebes:TestActionList>\r\n\r\n	<!-- \n		The \"tebes:Choreography\" element specifies a choreography among the defined test actions. \n		If this element is empty, the N actions MUST be executed from number 1 to N, sequentially.\n		\n		The choreography XML element is work in progress:\n		a solution to express choreography may be an ebBP-like XML syntax. \n	-->	\r\n	<tebes:Choreography/>\r\n	\r\n</tebes:TestPlan>\r\n'),(2,'C:/Java/jboss-4.2.3.GA/server/default/TeBES_Artifacts/users/0/testplans/TP-2.xml','<?xml version=\"1.0\" encoding=\"UTF-8\"?>\r\n<?xml-stylesheet type=\"text/xsl\" href=\"../../../xsl/TeBES_TestPlan.xsl\" ?>\r\n\r\n<!-- \n    Document Description:		Test Plan created for the TeBES Platform \n    Author:              		Cristiano Novelli (X-Lab, Cross-TEC, ENEA)\n    Project:                    Tecnopolo\n-->\r\n<tebes:TestPlan xmlns:tebes=\"http://www.ubl-italia.org/TeBES\" xmlns:xsi=\"http://www.w3.org/2001/XMLSchema-instance\" lg=\"en\">\r\n	\r\n	<tebes:TestPlanHeader>\r\n	<!-- \n		The \"datetime\" elements are related to the creation and last modify datetime of file.\n		The state element can take 2 values: \"draft\" or \"final\" \n	-->\r\n	    <tebes:Id>2</tebes:Id>\r\n	    <tebes:Name>TP-2</tebes:Name>\r\n	    <tebes:Description lg=\"en\">TP-2 Test Plan defined and used for the TeBES platform development.</tebes:Description>\r\n	    <tebes:Description lg=\"it\">Test Plan TP-2 definito e utilizzato per lo sviluppo della piattaforma TeBES.</tebes:Description>\r\n	    <tebes:UserId>0</tebes:UserId>\r\n	    <tebes:CreationDatetime>2013-06-27T18:43:00Z</tebes:CreationDatetime>\r\n	    <tebes:LastUpdateDatetime>2014-02-04T17:15:00Z</tebes:LastUpdateDatetime>\r\n	</tebes:TestPlanHeader>\r\n			\r\n	<tebes:TestActionList>\r\n	\r\n		<tebes:TestAction id=\"TA-1_TP-2\" number=\"1\">\r\n		    		\r\n			<tebes:ActionName>XMLSchema-UBL-T10</tebes:ActionName>\r\n			<tebes:ActionDescription lg=\"en\">UBL Invoice XML Schema Validation.</tebes:ActionDescription>\r\n			<tebes:ActionDescription lg=\"it\">Validazione UBL con XML Schema.</tebes:ActionDescription>\r\n			<tebes:Test lg=\"taml\" location=\"http://www.ubl-italia.org/TeBES/testsuites/UBL/TS-001_UBL/TC-001_XMLSchema-UBL-T10.xml\" skipPrerequisites=\"true\" type=\"TestAssertion\">TA-001_TC-001_TS-001</tebes:Test>\r\n			<tebes:Inputs>\r\n				<tebes:Input>\r\n					\r\n				    <tebes:Name>IN-1_TA-1_TP-2</tebes:Name>\r\n				    \r\n					<tebes:InputDescription lg=\"en\">Send UBL Invoice.</tebes:InputDescription>\r\n					<tebes:InputDescription lg=\"it\">Invia Fattura UBL.</tebes:InputDescription>	\r\n					\r\n					<tebes:SUT fileIdRef=\"FI-1_document-xml-website-IN-1_TA-1_TP-2\" interaction=\"website\" lg=\"xml\" type=\"document\">		    \r\n					</tebes:SUT>\r\n					\r\n					<tebes:GUI reaction=\"upload\">\r\n						<tebes:GUIDescription lg=\"en\">Upload of Input with fileIdRef = FI-1_document-xml-website-IN-1_TA-1_TP-2.</tebes:GUIDescription>				\r\n						<tebes:GUIDescription lg=\"it\">Upload dell\'Input con fileIdRef = FI-1_document-xml-website-IN-1_TA-1_TP-2.</tebes:GUIDescription>				    				    \r\n					</tebes:GUI>\r\n					\r\n				</tebes:Input>	\r\n			</tebes:Inputs>	\r\n		</tebes:TestAction>\r\n	\r\n	\r\n		<!-- \n			Each tebes:TestAction MUST have a @number attribute used to enumerate every action.\n			The N actions will be execute from 1 to N, sequentially, \n			excepted different specification expressed through the tebes:TestPlan/tebes:Choreography element\n			\n			Each tebes:Test element MUST have a @type attribute used with one and only one of these values:\n				- \"TestAssertion\" \n				- \"TestCase\" \n				- \"TestSuite\" \n		-->\r\n		<tebes:TestAction id=\"TA-2_TP-2\" number=\"2\">\r\n			\r\n			<!-- \n				The following \"tebes:ActionName\" element can take different values \n				dependent on previous tebes:TestAction/@type attribute:\n				- \"TestAssertion\" \n					then tebes:ActionName element takes taml:testAssertion/@name from Test Assertion\n					(f.e. \"SDI-UBL\")\n				- \"TestCase\" \n					then tebes:ActionName element takes taml:testAssertionSet/@setname from Test Case\n					(f.e. \"Test Case for UBL Invoice Italian INTERCENT-ER Schematron validation\")\n				- \"TestSuite\" \n					then tebes:ActionName element takes Test Suite name folder\n					(f.e. \"TS-005_sdi\")\n			-->\r\n			<tebes:ActionName>SDI-UBL</tebes:ActionName>\r\n			\r\n			<!-- \n				The following \"tebes:ActionDescription\" element can take different values \n				dependent on previous tebes:TestAction/@type attribute:\n				- \"TestAssertion\" \n					then Name element takes taml:testAssertion/taml:description\n				- \"TestCase\" \n					then Name element takes taml:testAssertionSet/@setname (or user input)\n				- \"TestSuite\" then Name element takes Test Suite name folder  (or user input)\n			-->\r\n			<tebes:ActionDescription lg=\"en\">Italian INTERCENT-ER UBL Invoice Schematron Validation.</tebes:ActionDescription>\r\n			<tebes:ActionDescription lg=\"it\">Validazione Fattura UBL italiana INTERCENT-ER con Schematron.</tebes:ActionDescription>\r\n						\r\n\r\n			<!-- \n				The tebes:ActionTarget is the SUT type \n			-->\r\n			<!-- tebes:ActionTarget type=\"xml\" retrieve=\"upload\">document</tebes:ActionTarget -->			\r\n						\r\n			<!-- \n				The tebes:Test element contains the reference to test to execute, \n				dependent on previous tebes:TestAction/@type attribute:\n				- \"TestAssertion\" \n					then tebes:Test element takes taml:testAssertion/@id from Test Assertion\n					(f.e. \"TA-001_TC-001_TS-005\")\n				- \"TestCase\" \n					then tebes:Test element takes taml:testAssertionSet/@setid from Test Case\n					(f.e. \"TC-001_TS-005\")\n				- \"TestSuite\" \n					then tebes:Test element takes Test Suite name folder prefix\n					(f.e. \"TS-005\")\n					\n				The tebes:Test/@location specifies the location of the test:\n				- an XML file absolute path, in the cases of \"TestAssertion\" or \"TestCase\" types;\n				- a folder absolute path, in the case of \"TestSuite\" type\n			-->\r\n			<tebes:Test lg=\"taml\" location=\"http://www.ubl-italia.org/TeBES/testsuites/UBL/TS-005_sdi/TC-001_SDI-UBL-T10.xml\" skipPrerequisites=\"false\" type=\"TestAssertion\">TA-001_TC-001_TS-005</tebes:Test>\r\n\r\n			<!-- \n				tebes:Input è un elemento che specifica l\'input da parte del SUT \n				(o il SUT stesso se l\'elemento è uno)\n				su cui sarà eseguita quest\'action.\n				Nell\'action corrente, per esempio, il SUT è la fattura UBL.\n				I seguenti attributi possono assumere i seguenti valori:\n				- type: \"document\", \"transport\", \"process\";		\n				- description: descrizione testuale\n			-->\r\n			<tebes:Inputs>\r\n				<tebes:Input>\r\n					\r\n				    <tebes:Name>IN-1_TA-2_TP-1</tebes:Name>\r\n				    \r\n					<tebes:InputDescription lg=\"en\">Send UBL Invoice.</tebes:InputDescription>\r\n					<tebes:InputDescription lg=\"it\">Invia Fattura UBL.</tebes:InputDescription>	\r\n					\r\n					<tebes:SUT fileIdRef=\"FI-2_document-xml-website-IN-1_TA-2_TP-2\" interaction=\"website\" lg=\"xml\" type=\"document\">		    \r\n					</tebes:SUT>\r\n					\r\n					<tebes:GUI reaction=\"upload\">\r\n						<tebes:GUIDescription lg=\"en\">Upload of Input with fileIdRef = FI-2_document-xml-website-IN-1_TA-2_TP-2.</tebes:GUIDescription>				\r\n						<tebes:GUIDescription lg=\"it\">Upload dell\'Input con fileIdRef = FI-2_document-xml-website-IN-1_TA-2_TP-2.</tebes:GUIDescription>				    				    \r\n					</tebes:GUI>\r\n					\r\n				</tebes:Input>	\r\n			</tebes:Inputs>\r\n		</tebes:TestAction>\r\n		\r\n	</tebes:TestActionList>\r\n\r\n	<!-- \n		The \"tebes:Choreography\" element specifies a choreography among the defined test actions. \n		If this element is empty, the N actions MUST be executed from number 1 to N, sequentially.\n		\n		The choreography XML element is work in progress:\n		a solution to express choreography may be an ebBP-like XML syntax. \n	-->	\r\n	<tebes:Choreography/>\r\n	\r\n</tebes:TestPlan>\r\n'),(3,'C:/Java/jboss-4.2.3.GA/server/default/TeBES_Artifacts/users/0/testplans/TP-91.xml','<?xml version=\"1.0\" encoding=\"UTF-8\"?>\r\n<?xml-stylesheet type=\"text/xsl\" href=\"../../../xsl/TeBES_TestPlan.xsl\" ?>\r\n\r\n<!-- \n    Document Description:		Test Plan created for the TeBES Platform \n    Author:              		Cristiano Novelli (X-Lab, Cross-TEC, ENEA)\n    Project:                    Tecnopolo\n-->\r\n<tebes:TestPlan xmlns:tebes=\"http://www.ubl-italia.org/TeBES\" xmlns:xsi=\"http://www.w3.org/2001/XMLSchema-instance\" lg=\"en\">\r\n	\r\n	<tebes:TestPlanHeader>\r\n	<!-- \n		The \"datetime\" elements are related to the creation and last modify datetime of file.\n		The state element can take 2 values: \"draft\" or \"final\" \n	-->\r\n	    <tebes:Id>91</tebes:Id>\r\n	    <tebes:Name>TP-91</tebes:Name>\r\n	    <tebes:State>draft</tebes:State>\r\n	    <tebes:Description lg=\"en\">TP-91 Test Plan is used to test a correct UBL invoice and a wrong UBL invoice against XML Schema.</tebes:Description>\r\n	    <tebes:Description lg=\"it\">Test Plan TP-91 è definito e utilizzato per testare una Fattura UBL corretta e una sbagliata con XML Schema.</tebes:Description>\r\n	    <tebes:UserId>0</tebes:UserId>\r\n	    <tebes:CreationDatetime>2013-06-27T18:43:00Z</tebes:CreationDatetime>\r\n	    <tebes:LastUpdateDatetime>2014-02-04T17:15:00Z</tebes:LastUpdateDatetime>\r\n	</tebes:TestPlanHeader>\r\n    \r\n	<tebes:TestActionList>\r\n	\r\n		<tebes:TestAction id=\"TA-1_TP-91\" number=\"1\">\r\n			\r\n			<tebes:ActionName>Correct XMLSchema-UBL-T10</tebes:ActionName>\r\n			<tebes:ActionDescription lg=\"en\">CORRECT UBL Invoice XML Schema Validation.</tebes:ActionDescription>\r\n			<tebes:ActionDescription lg=\"it\">Validazione di una CORRETTA Fattura UBL con XML Schema.</tebes:ActionDescription>\r\n				\r\n			<tebes:Test lg=\"taml\" location=\"http://www.ubl-italia.org/TeBES/testsuites/UBL/TS-001_UBL/TC-001_XMLSchema-UBL-T10.xml\" skipPrerequisites=\"true\" type=\"TestAssertion\">TA-001_TC-001_TS-001</tebes:Test>\r\n			\r\n			<tebes:Inputs>\r\n				<tebes:Input>		\r\n				    <tebes:Name>IN-1_TA-1_TP-91</tebes:Name>\r\n				    \r\n					<tebes:InputDescription lg=\"en\">Sending of CORRECT UBL Invoice.</tebes:InputDescription>\r\n					<tebes:InputDescription lg=\"it\">Invio della Fattura UBL CORRETTA.</tebes:InputDescription>	\r\n					\r\n					<tebes:SUT fileIdRef=\"FI-1_document-xml-website-IN-1_TA-1_TP-91\" interaction=\"website\" lg=\"xml\" type=\"document\">		    \r\n					</tebes:SUT>\r\n					\r\n					<tebes:GUI reaction=\"upload\">\r\n						<tebes:GUIDescription lg=\"en\">Upload of CORRECT UBL Invoice.</tebes:GUIDescription>				\r\n						<tebes:GUIDescription lg=\"it\">Upload della Fattura UBL CORRETTA.</tebes:GUIDescription>				    				    \r\n					</tebes:GUI>\r\n				</tebes:Input>\r\n			</tebes:Inputs>			\r\n\r\n		</tebes:TestAction>\r\n	\r\n		<tebes:TestAction id=\"TA-2_TP-91\" number=\"2\">\r\n			\r\n			<tebes:ActionName>Wrong XMLSchema-UBL-T10</tebes:ActionName>\r\n			<tebes:ActionDescription lg=\"en\">WRONG UBL Invoice XML Schema Validation.</tebes:ActionDescription>\r\n			<tebes:ActionDescription lg=\"it\">Validazione di una Fattura UBL SCORRETTA con XML Schema.</tebes:ActionDescription>\r\n\r\n			<tebes:Test lg=\"taml\" location=\"http://www.ubl-italia.org/TeBES/testsuites/UBL/TS-001_UBL/TC-001_XMLSchema-UBL-T10.xml\" skipPrerequisites=\"true\" type=\"TestAssertion\">TA-001_TC-001_TS-001</tebes:Test>\r\n			\r\n			<tebes:Inputs>			\r\n				<tebes:Input>		\r\n				    <tebes:Name>IN-1_TA-2_TP-91</tebes:Name>\r\n				    \r\n					<tebes:InputDescription lg=\"en\">Sending of WRONG UBL Invoice.</tebes:InputDescription>\r\n					<tebes:InputDescription lg=\"it\">Invio della Fattura UBL SCORRETTA.</tebes:InputDescription>	\r\n					\r\n					<tebes:SUT fileIdRef=\"FI-1_document-xml-website-IN-1_TA-2_TP-91\" interaction=\"website\" lg=\"xml\" type=\"document\">		    \r\n					</tebes:SUT>\r\n					\r\n					<tebes:GUI reaction=\"upload\">\r\n						<tebes:GUIDescription lg=\"en\">Upload of WRONG UBL Invoice.</tebes:GUIDescription>				\r\n						<tebes:GUIDescription lg=\"it\">Upload della Fattura UBL SCORRETTA.</tebes:GUIDescription>				    				    \r\n					</tebes:GUI>\r\n				</tebes:Input>\r\n			</tebes:Inputs>\r\n			\r\n		</tebes:TestAction>\r\n		\r\n	</tebes:TestActionList>\r\n\r\n	<!-- \n		The \"tebes:Choreography\" element specifies a choreography among the defined test actions. \n		If this element is empty, the N actions MUST be executed from number 1 to N, sequentially.\n		\n		The choreography XML element is work in progress:\n		a solution to express choreography may be an ebBP-like XML syntax. \n	-->	\r\n	<tebes:Choreography/>\r\n	\r\n</tebes:TestPlan>\r\n'),(4,'C:/Java/jboss-4.2.3.GA/server/default/TeBES_Artifacts/users/0/testplans/TP-91.xml','<?xml version=\"1.0\" encoding=\"UTF-8\"?>\r\n<?xml-stylesheet type=\"text/xsl\" href=\"../../../xsl/TeBES_TestPlan.xsl\" ?>\r\n\r\n<!-- \n    Document Description:		Test Plan created for the TeBES Platform \n    Author:              		Cristiano Novelli (X-Lab, Cross-TEC, ENEA)\n    Project:                    Tecnopolo\n-->\r\n<tebes:TestPlan xmlns:tebes=\"http://www.ubl-italia.org/TeBES\" xmlns:xsi=\"http://www.w3.org/2001/XMLSchema-instance\" lg=\"en\">\r\n	\r\n	<tebes:TestPlanHeader>\r\n	<!-- \n		The \"datetime\" elements are related to the creation and last modify datetime of file.\n		The state element can take 2 values: \"draft\" or \"final\" \n	-->\r\n	    <tebes:Id>91</tebes:Id>\r\n	    <tebes:Name>TP-91</tebes:Name>\r\n	    <tebes:State>draft</tebes:State>\r\n	    <tebes:Description lg=\"en\">TP-91 Test Plan is used to test a correct UBL invoice and a wrong UBL invoice against XML Schema.</tebes:Description>\r\n	    <tebes:Description lg=\"it\">Test Plan TP-91 è definito e utilizzato per testare una Fattura UBL corretta e una sbagliata con XML Schema.</tebes:Description>\r\n	    <tebes:UserId>0</tebes:UserId>\r\n	    <tebes:CreationDatetime>2013-06-27T18:43:00Z</tebes:CreationDatetime>\r\n	    <tebes:LastUpdateDatetime>2014-02-04T17:15:00Z</tebes:LastUpdateDatetime>\r\n	</tebes:TestPlanHeader>\r\n    \r\n	<tebes:TestActionList>\r\n	\r\n		<tebes:TestAction id=\"TA-1_TP-91\" number=\"1\">\r\n			\r\n			<tebes:ActionName>Correct XMLSchema-UBL-T10</tebes:ActionName>\r\n			<tebes:ActionDescription lg=\"en\">CORRECT UBL Invoice XML Schema Validation.</tebes:ActionDescription>\r\n			<tebes:ActionDescription lg=\"it\">Validazione di una CORRETTA Fattura UBL con XML Schema.</tebes:ActionDescription>\r\n				\r\n			<tebes:Test lg=\"taml\" location=\"http://www.ubl-italia.org/TeBES/testsuites/UBL/TS-001_UBL/TC-001_XMLSchema-UBL-T10.xml\" skipPrerequisites=\"true\" type=\"TestAssertion\">TA-001_TC-001_TS-001</tebes:Test>\r\n			\r\n			<tebes:Inputs>\r\n				<tebes:Input>		\r\n				    <tebes:Name>IN-1_TA-1_TP-91</tebes:Name>\r\n				    \r\n					<tebes:InputDescription lg=\"en\">Sending of CORRECT UBL Invoice.</tebes:InputDescription>\r\n					<tebes:InputDescription lg=\"it\">Invio della Fattura UBL CORRETTA.</tebes:InputDescription>	\r\n					\r\n					<tebes:SUT fileIdRef=\"FI-1_document-xml-website-IN-1_TA-1_TP-91\" interaction=\"website\" lg=\"xml\" type=\"document\">		    \r\n					</tebes:SUT>\r\n					\r\n					<tebes:GUI reaction=\"upload\">\r\n						<tebes:GUIDescription lg=\"en\">Upload of CORRECT UBL Invoice.</tebes:GUIDescription>				\r\n						<tebes:GUIDescription lg=\"it\">Upload della Fattura UBL CORRETTA.</tebes:GUIDescription>				    				    \r\n					</tebes:GUI>\r\n				</tebes:Input>\r\n			</tebes:Inputs>			\r\n\r\n		</tebes:TestAction>\r\n	\r\n		<tebes:TestAction id=\"TA-2_TP-91\" number=\"2\">\r\n			\r\n			<tebes:ActionName>Wrong XMLSchema-UBL-T10</tebes:ActionName>\r\n			<tebes:ActionDescription lg=\"en\">WRONG UBL Invoice XML Schema Validation.</tebes:ActionDescription>\r\n			<tebes:ActionDescription lg=\"it\">Validazione di una Fattura UBL SCORRETTA con XML Schema.</tebes:ActionDescription>\r\n\r\n			<tebes:Test lg=\"taml\" location=\"http://www.ubl-italia.org/TeBES/testsuites/UBL/TS-001_UBL/TC-001_XMLSchema-UBL-T10.xml\" skipPrerequisites=\"true\" type=\"TestAssertion\">TA-001_TC-001_TS-001</tebes:Test>\r\n			\r\n			<tebes:Inputs>			\r\n				<tebes:Input>		\r\n				    <tebes:Name>IN-1_TA-2_TP-91</tebes:Name>\r\n				    \r\n					<tebes:InputDescription lg=\"en\">Sending of WRONG UBL Invoice.</tebes:InputDescription>\r\n					<tebes:InputDescription lg=\"it\">Invio della Fattura UBL SCORRETTA.</tebes:InputDescription>	\r\n					\r\n					<tebes:SUT fileIdRef=\"FI-1_document-xml-website-IN-1_TA-2_TP-91\" interaction=\"website\" lg=\"xml\" type=\"document\">		    \r\n					</tebes:SUT>\r\n					\r\n					<tebes:GUI reaction=\"upload\">\r\n						<tebes:GUIDescription lg=\"en\">Upload of WRONG UBL Invoice.</tebes:GUIDescription>				\r\n						<tebes:GUIDescription lg=\"it\">Upload della Fattura UBL SCORRETTA.</tebes:GUIDescription>				    				    \r\n					</tebes:GUI>\r\n				</tebes:Input>\r\n			</tebes:Inputs>\r\n			\r\n		</tebes:TestAction>\r\n		\r\n	</tebes:TestActionList>\r\n\r\n	<!-- \n		The \"tebes:Choreography\" element specifies a choreography among the defined test actions. \n		If this element is empty, the N actions MUST be executed from number 1 to N, sequentially.\n		\n		The choreography XML element is work in progress:\n		a solution to express choreography may be an ebBP-like XML syntax. \n	-->	\r\n	<tebes:Choreography/>\r\n	\r\n</tebes:TestPlan>\r\n'),(5,'C:/Java/jboss-4.2.3.GA/server/default/TeBES_Artifacts/users/0/testplans/TP-1.xml','<?xml version=\"1.0\" encoding=\"UTF-8\"?>\r\n<?xml-stylesheet type=\"text/xsl\" href=\"../../../xsl/TeBES_TestPlan.xsl\" ?>\r\n\r\n<!-- \n    Document Description:		Test Plan created for the TeBES Platform\n    Author:              		Cristiano Novelli (X-Lab, Cross-TEC, ENEA)\n    Project:                    Tecnopolo\n-->\r\n<tebes:TestPlan xmlns:tebes=\"http://www.ubl-italia.org/TeBES\" xmlns:xsi=\"http://www.w3.org/2001/XMLSchema-instance\" lg=\"en\">\r\n	\r\n	<tebes:TestPlanHeader>\r\n	<!-- \n		The \"datetime\" elements are related to the creation and last modify datetime of file.\n		The state element can take 2 values: \"draft\" or \"final\" \n	-->\r\n	    <tebes:Id>1</tebes:Id>\r\n	    <tebes:Name>TP-1</tebes:Name>\r\n	    <tebes:State>draft</tebes:State>\r\n	    <tebes:Description lg=\"en\">TP-1 Test Plan defined and used for the TeBES platform development.</tebes:Description>\r\n	    <tebes:Description lg=\"it\">Test Plan TP-1 definito e utilizzato per lo sviluppo della piattaforma TeBES.</tebes:Description>\r\n	    <tebes:UserId>0</tebes:UserId>\r\n	    <tebes:CreationDatetime>2013-06-27T18:43:00Z</tebes:CreationDatetime>\r\n	    <tebes:LastUpdateDatetime>2014-02-04T17:15:00Z</tebes:LastUpdateDatetime>\r\n	</tebes:TestPlanHeader>\r\n    \r\n	<tebes:TestActionList>\r\n	\r\n		<tebes:TestAction id=\"TA-1_TP-1\" number=\"1\">\r\n			\r\n			<tebes:ActionName>XMLSchema-UBL-T10</tebes:ActionName>\r\n			<tebes:ActionDescription lg=\"en\">UBL 2.0 Invoice XML Schema Validation.</tebes:ActionDescription>\r\n			<tebes:ActionDescription lg=\"it\">Validazione UBL con XML Schema.</tebes:ActionDescription>\r\n			<tebes:Test lg=\"taml\" location=\"http://www.ubl-italia.org/TeBES/testsuites/UBL/TS-001_UBL/TC-001_XMLSchema-UBL-T10.xml\" skipPrerequisites=\"true\" type=\"TestAssertion\">TA-001_TC-001_TS-001</tebes:Test>\r\n			\r\n			<tebes:Inputs>\r\n				<tebes:Input>\r\n					\r\n				    <tebes:Name>IN-1_TA-1_TP-1</tebes:Name>\r\n				    \r\n					<tebes:InputDescription lg=\"en\">Send UBL Invoice.</tebes:InputDescription>\r\n					<tebes:InputDescription lg=\"it\">Invia Fattura UBL.</tebes:InputDescription>	\r\n					\r\n					<tebes:SUT fileIdRef=\"FI-1_document-xml-website-IN-1_TA-1_TP-1\" interaction=\"website\" lg=\"xml\" type=\"document\">		    \r\n					</tebes:SUT>\r\n					\r\n					<tebes:GUI reaction=\"upload\">\r\n						<tebes:GUIDescription lg=\"en\">Upload of Input with fileIdRef = FI-1_document-xml-website-IN-1_TA-1_TP-1.</tebes:GUIDescription>				\r\n						<tebes:GUIDescription lg=\"it\">Upload dell\'Input con fileIdRef = FI-1_document-xml-website-IN-1_TA-1_TP-1.</tebes:GUIDescription>				    				    \r\n					</tebes:GUI>\r\n				</tebes:Input>\r\n				<!-- Questo secondo input ha lo stesso fileIdRef, quindi indica che richiederà lo stesso file -->\r\n				<tebes:Input>\r\n					\r\n				    <tebes:Name>IN-2_TA-1_TP-1</tebes:Name>\r\n				    \r\n					<tebes:InputDescription lg=\"en\">Send UBL Invoice.</tebes:InputDescription>\r\n					<tebes:InputDescription lg=\"it\">Invia Fattura UBL.</tebes:InputDescription>	\r\n					\r\n					<tebes:SUT fileIdRef=\"FI-2_document-xml-website-IN-2_TA-1_TP-1\" interaction=\"website\" lg=\"xml\" type=\"document\">		    \r\n					</tebes:SUT>\r\n					\r\n					<tebes:GUI reaction=\"upload\">\r\n						<tebes:GUIDescription lg=\"en\">Upload of Input with fileIdRef = FI-2_document-xml-website-IN-2_TA-1_TP-1.</tebes:GUIDescription>				\r\n						<tebes:GUIDescription lg=\"it\">Upload dell\'Input con fileIdRef = FI-2_document-xml-website-IN-2_TA-1_TP-1.</tebes:GUIDescription>				    				    \r\n					</tebes:GUI>\r\n				</tebes:Input>\r\n			</tebes:Inputs>\r\n		</tebes:TestAction>\r\n	\r\n	\r\n		<!-- \n			Each tebes:TestAction MUST have a @number attribute used to enumerate every action.\n			The N actions will be execute from 1 to N, sequentially, \n			excepted different specification expressed through the tebes:TestPlan/tebes:Choreography element\n			\n			Each tebes:Test element MUST have a @type attribute used with one and only one of these values:\n				- \"TestAssertion\" \n				- \"TestCase\" \n				- \"TestSuite\" \n		-->\r\n		<tebes:TestAction id=\"TA-2_TP-1\" number=\"2\">\r\n			\r\n			<!-- \n				The following \"tebes:ActionName\" element can take different values \n				dependent on previous tebes:TestAction/@type attribute:\n				- \"TestAssertion\" \n					then tebes:ActionName element takes taml:testAssertion/@name from Test Assertion\n					(f.e. \"SDI-UBL\")\n				- \"TestCase\" \n					then tebes:ActionName element takes taml:testAssertionSet/@setname from Test Case\n					(f.e. \"Test Case for UBL Invoice Italian INTERCENT-ER Schematron validation\")\n				- \"TestSuite\" \n					then tebes:ActionName element takes Test Suite name folder\n					(f.e. \"TS-005_sdi\")\n			-->\r\n			<tebes:ActionName>SDI-UBL</tebes:ActionName>\r\n			\r\n			<!-- \n				The following \"tebes:ActionDescription\" element can take different values \n				dependent on previous tebes:TestAction/@type attribute:\n				- \"TestAssertion\" \n					then Name element takes taml:testAssertion/taml:description\n				- \"TestCase\" \n					then Name element takes taml:testAssertionSet/@setname (or user input)\n				- \"TestSuite\" then Name element takes Test Suite name folder  (or user input)\n			-->\r\n			<tebes:ActionDescription lg=\"en\">Italian INTERCENT-ER UBL Invoice Schematron Validation.</tebes:ActionDescription>\r\n			<tebes:ActionDescription lg=\"it\">Validazione Fattura UBL italiana INTERCENT-ER con Schematron.</tebes:ActionDescription>\r\n				\r\n			<!-- \n				The tebes:Test element contains the reference to test to execute, \n				dependent on previous tebes:TestAction/@type attribute:\n				- \"TestAssertion\" \n					then tebes:Test element takes taml:testAssertion/@id from Test Assertion\n					(f.e. \"TA-001_TC-001_TS-005\")\n				- \"TestCase\" \n					then tebes:Test element takes taml:testAssertionSet/@setid from Test Case\n					(f.e. \"TC-001_TS-005\")\n				- \"TestSuite\" \n					then tebes:Test element takes Test Suite name folder prefix\n					(f.e. \"TS-005\")\n					\n				The tebes:Test/@location specifies the location of the test:\n				- an XML file absolute path, in the cases of \"TestAssertion\" or \"TestCase\" types;\n				- a folder absolute path, in the case of \"TestSuite\" type\n			-->\r\n			<tebes:Test lg=\"taml\" location=\"http://www.ubl-italia.org/TeBES/testsuites/UBL/TS-005_sdi/TC-001_SDI-UBL-T10.xml\" skipPrerequisites=\"false\" type=\"TestAssertion\">TA-001_TC-001_TS-005</tebes:Test>\r\n				\r\n			<!-- \n				tebes:Input è un elemento che specifica l\'input da parte del SUT \n				(o il SUT stesso se l\'elemento è uno)\n				su cui sarà eseguita quest\'action.\n				Nell\'action corrente, per esempio, il SUT è la fattura UBL.\n				I seguenti attributi possono assumere i seguenti valori:\n				- type: \"document\", \"transport\", \"process\";			\n				- description: descrizione testuale\n			-->\r\n			<tebes:Inputs>\r\n				<tebes:Input>\r\n					\r\n				    <tebes:Name>IN-1_TA-2_TP-1</tebes:Name>\r\n				    \r\n					<tebes:InputDescription lg=\"en\">Send UBL Invoice.</tebes:InputDescription>\r\n					<tebes:InputDescription lg=\"it\">Invia Fattura UBL.</tebes:InputDescription>	\r\n					\r\n					<tebes:SUT fileIdRef=\"FI-1_document-xml-website-IN-1_TA-1_TP-1\" interaction=\"website\" lg=\"xml\" type=\"document\">		    \r\n					</tebes:SUT>\r\n					\r\n					<tebes:GUI reaction=\"upload\">\r\n						<tebes:GUIDescription lg=\"en\">Upload of Input with fileIdRef = FI-1_document-xml-website-IN-1_TA-1_TP-1.</tebes:GUIDescription>				\r\n						<tebes:GUIDescription lg=\"it\">Upload dell\'Input con fileIdRef = FI-1_document-xml-website-IN-1_TA-1_TP-1.</tebes:GUIDescription>				    				    \r\n					</tebes:GUI>\r\n				</tebes:Input>\r\n			</tebes:Inputs>\r\n		</tebes:TestAction>\r\n		\r\n	</tebes:TestActionList>\r\n\r\n	<!-- \n		The \"tebes:Choreography\" element specifies a choreography among the defined test actions. \n		If this element is empty, the N actions MUST be executed from number 1 to N, sequentially.\n		\n		The choreography XML element is work in progress:\n		a solution to express choreography may be an ebBP-like XML syntax. \n	-->	\r\n	<tebes:Choreography/>\r\n	\r\n</tebes:TestPlan>\r\n');
/*!40000 ALTER TABLE `testplanxml` ENABLE KEYS */;
UNLOCK TABLES;

--
-- Table structure for table `testresult`
--

DROP TABLE IF EXISTS `testresult`;
/*!40101 SET @saved_cs_client     = @@character_set_client */;
/*!40101 SET character_set_client = utf8 */;
CREATE TABLE `testresult` (
  `id` bigint(20) NOT NULL AUTO_INCREMENT,
  `globalResult` varchar(255) DEFAULT NULL,
  `line` int(11) NOT NULL,
  `message` varchar(255) DEFAULT NULL,
  `report_id` bigint(20) DEFAULT NULL,
  PRIMARY KEY (`id`),
  KEY `FK9B0ED72FD92EA83` (`report_id`),
  CONSTRAINT `FK9B0ED72FD92EA83` FOREIGN KEY (`report_id`) REFERENCES `report` (`id`)
) ENGINE=InnoDB DEFAULT CHARSET=latin1;
/*!40101 SET character_set_client = @saved_cs_client */;

--
-- Dumping data for table `testresult`
--

LOCK TABLES `testresult` WRITE;
/*!40000 ALTER TABLE `testresult` DISABLE KEYS */;
/*!40000 ALTER TABLE `testresult` ENABLE KEYS */;
UNLOCK TABLES;

--
-- Table structure for table `testsession`
--

DROP TABLE IF EXISTS `testsession`;
/*!40101 SET @saved_cs_client     = @@character_set_client */;
/*!40101 SET character_set_client = utf8 */;
CREATE TABLE `testsession` (
  `id` bigint(20) NOT NULL AUTO_INCREMENT,
  `state` varchar(255) DEFAULT NULL,
  `localization` varchar(255) DEFAULT NULL,
  `creationDateTime` varchar(255) DEFAULT NULL,
  `lastUpdateDateTime` varchar(255) DEFAULT NULL,
  `messageStore` text,
  `actionMark` int(11) NOT NULL,
  `sut_id` bigint(20) DEFAULT NULL,
  `user_id` bigint(20) DEFAULT NULL,
  `report_id` bigint(20) DEFAULT NULL,
  `testPlan_id` bigint(20) DEFAULT NULL,
  PRIMARY KEY (`id`),
  KEY `FKFBB155C4D92EA83` (`report_id`),
  KEY `FKFBB155C4AC268D63` (`user_id`),
  KEY `FKFBB155C44041EF03` (`testPlan_id`),
  KEY `FKFBB155C4C8782BD1` (`sut_id`),
  CONSTRAINT `FKFBB155C4C8782BD1` FOREIGN KEY (`sut_id`) REFERENCES `sut` (`id`),
  CONSTRAINT `FKFBB155C44041EF03` FOREIGN KEY (`testPlan_id`) REFERENCES `testplan` (`id`),
  CONSTRAINT `FKFBB155C4AC268D63` FOREIGN KEY (`user_id`) REFERENCES `user` (`id`),
  CONSTRAINT `FKFBB155C4D92EA83` FOREIGN KEY (`report_id`) REFERENCES `report` (`id`)
) ENGINE=InnoDB AUTO_INCREMENT=3 DEFAULT CHARSET=latin1;
/*!40101 SET character_set_client = @saved_cs_client */;

--
-- Dumping data for table `testsession`
--

LOCK TABLES `testsession` WRITE;
/*!40000 ALTER TABLE `testsession` DISABLE KEYS */;
INSERT INTO `testsession` VALUES (1,'done','en','2014-06-25T15:45:49Z','2014-06-25T15:45:49Z',NULL,3,15,2,1,4),(2,'done','en','2014-06-25T15:45:50Z','2014-06-25T15:45:50Z',NULL,3,16,3,2,5);
/*!40000 ALTER TABLE `testsession` ENABLE KEYS */;
UNLOCK TABLES;

--
-- Table structure for table `user`
--

DROP TABLE IF EXISTS `user`;
/*!40101 SET @saved_cs_client     = @@character_set_client */;
/*!40101 SET character_set_client = utf8 */;
CREATE TABLE `user` (
  `id` bigint(20) NOT NULL AUTO_INCREMENT,
  `name` varchar(255) DEFAULT NULL,
  `surname` varchar(255) DEFAULT NULL,
  `eMail` varchar(255) DEFAULT NULL,
  `password` varchar(255) DEFAULT NULL,
  `group_id` bigint(20) DEFAULT NULL,
  `role_id` bigint(20) DEFAULT NULL,
  PRIMARY KEY (`id`),
  KEY `FK36EBCB6FBC983` (`role_id`),
  KEY `FK36EBCB5F12AF1` (`group_id`),
  CONSTRAINT `FK36EBCB5F12AF1` FOREIGN KEY (`group_id`) REFERENCES `usergroup` (`id`),
  CONSTRAINT `FK36EBCB6FBC983` FOREIGN KEY (`role_id`) REFERENCES `role` (`id`)
) ENGINE=InnoDB AUTO_INCREMENT=5 DEFAULT CHARSET=latin1;
/*!40101 SET character_set_client = @saved_cs_client */;

--
-- Dumping data for table `user`
--

LOCK TABLES `user` WRITE;
/*!40000 ALTER TABLE `user` DISABLE KEYS */;
INSERT INTO `user` VALUES (1,'Cristiano','Novelli','cristiano.novelli@gmail.com','xcristiano',NULL,4),(2,'Angelo','Frascella','angelo.frascella@enea.it','xangelo',NULL,1),(3,'Piero','Desabbata','piero.desabbata@enea.it','xpiero',NULL,1),(4,'Cristiano ENEA','Novelli','cristiano.novelli@enea.it','xcristiano',NULL,1);
/*!40000 ALTER TABLE `user` ENABLE KEYS */;
UNLOCK TABLES;

--
-- Table structure for table `usergroup`
--

DROP TABLE IF EXISTS `usergroup`;
/*!40101 SET @saved_cs_client     = @@character_set_client */;
/*!40101 SET character_set_client = utf8 */;
CREATE TABLE `usergroup` (
  `id` bigint(20) NOT NULL AUTO_INCREMENT,
  `name` varchar(255) DEFAULT NULL,
  `description` varchar(255) DEFAULT NULL,
  PRIMARY KEY (`id`)
) ENGINE=InnoDB DEFAULT CHARSET=latin1;
/*!40101 SET character_set_client = @saved_cs_client */;

--
-- Dumping data for table `usergroup`
--

LOCK TABLES `usergroup` WRITE;
/*!40000 ALTER TABLE `usergroup` DISABLE KEYS */;
/*!40000 ALTER TABLE `usergroup` ENABLE KEYS */;
UNLOCK TABLES;

--
-- Table structure for table `userinput`
--

DROP TABLE IF EXISTS `userinput`;
/*!40101 SET @saved_cs_client     = @@character_set_client */;
/*!40101 SET character_set_client = utf8 */;
CREATE TABLE `userinput` (
  `id` bigint(20) NOT NULL AUTO_INCREMENT,
  `name` varchar(255) DEFAULT NULL,
  `description` varchar(255) DEFAULT NULL,
  `type` varchar(255) DEFAULT NULL,
  `lg` varchar(255) DEFAULT NULL,
  `interaction` varchar(255) DEFAULT NULL,
  `isInteractionOK` bit(1) NOT NULL,
  `fileIdRef` varchar(255) DEFAULT NULL,
  `isInputSolved` bit(1) NOT NULL,
  `guiReaction` varchar(255) DEFAULT NULL,
  `guiMessage` varchar(255) DEFAULT NULL,
  `testaction_id` bigint(20) DEFAULT NULL,
  PRIMARY KEY (`id`),
  KEY `FK14C712DFC1CFF2F1` (`testaction_id`),
  CONSTRAINT `FK14C712DFC1CFF2F1` FOREIGN KEY (`testaction_id`) REFERENCES `testaction` (`id`)
) ENGINE=InnoDB AUTO_INCREMENT=13 DEFAULT CHARSET=latin1;
/*!40101 SET character_set_client = @saved_cs_client */;

--
-- Dumping data for table `userinput`
--

LOCK TABLES `userinput` WRITE;
/*!40000 ALTER TABLE `userinput` DISABLE KEYS */;
INSERT INTO `userinput` VALUES (1,'IN-1_TA-1_TP-1','Send UBL Invoice.','document','xml','website','\0','FI-1_document-xml-website-IN-1_TA-1_TP-1','\0','upload','Upload of Input with fileIdRef = FI-1_document-xml-website-IN-1_TA-1_TP-1.',1),(2,'IN-2_TA-1_TP-1','Send UBL Invoice.','document','xml','website','\0','FI-2_document-xml-website-IN-2_TA-1_TP-1','\0','upload','Upload of Input with fileIdRef = FI-1_document-xml-website-IN-1_TA-1_TP-1.',1),(3,'IN-1_TA-2_TP-1','Send UBL Invoice.','document','xml','website','\0','FI-1_document-xml-website-IN-1_TA-1_TP-1','\0','upload','Upload of Input with fileIdRef = FI-1_document-xml-website-IN-1_TA-1_TP-1.',2),(4,'IN-1_TA-1_TP-2','Send UBL Invoice.','document','xml','website','\0','FI-1_document-xml-website-IN-1_TA-1_TP-2','\0','upload','Upload of Input with fileIdRef = FI-1_document-xml-website-IN-1_TA-1_TP-2.',3),(5,'IN-1_TA-2_TP-1','Send UBL Invoice.','document','xml','website','\0','FI-2_document-xml-website-IN-1_TA-2_TP-2','\0','upload','Upload of Input with fileIdRef = FI-2_document-xml-website-IN-1_TA-2_TP-2.',4),(6,'IN-1_TA-1_TP-91','Sending of CORRECT UBL Invoice.','document','xml','website','\0','FI-1_document-xml-website-IN-1_TA-1_TP-91','\0','upload','Upload of CORRECT UBL Invoice.',5),(7,'IN-1_TA-2_TP-91','Sending of WRONG UBL Invoice.','document','xml','website','\0','FI-1_document-xml-website-IN-1_TA-2_TP-91','\0','upload','Upload of WRONG UBL Invoice.',6),(8,'IN-1_TA-1_TP-91','Sending of CORRECT UBL Invoice.','document','xml','website','','FI-1_document-xml-website-IN-1_TA-1_TP-91','','upload','Upload of CORRECT UBL Invoice.',7),(9,'IN-1_TA-2_TP-91','Sending of WRONG UBL Invoice.','document','xml','website','','FI-1_document-xml-website-IN-1_TA-2_TP-91','','upload','Upload of WRONG UBL Invoice.',8),(10,'IN-1_TA-1_TP-1','Send UBL Invoice.','document','xml','website','','FI-1_document-xml-website-IN-1_TA-1_TP-1','','upload','Upload of Input with fileIdRef = FI-1_document-xml-website-IN-1_TA-1_TP-1.',9),(11,'IN-2_TA-1_TP-1','Send UBL Invoice.','document','xml','website','','FI-2_document-xml-website-IN-2_TA-1_TP-1','','upload','Upload of Input with fileIdRef = FI-1_document-xml-website-IN-1_TA-1_TP-1.',9),(12,'IN-1_TA-2_TP-1','Send UBL Invoice.','document','xml','website','','FI-1_document-xml-website-IN-1_TA-1_TP-1','','upload','Upload of Input with fileIdRef = FI-1_document-xml-website-IN-1_TA-1_TP-1.',10);
/*!40000 ALTER TABLE `userinput` ENABLE KEYS */;
UNLOCK TABLES;

--
-- Table structure for table `userinteraction`
--

DROP TABLE IF EXISTS `userinteraction`;
/*!40101 SET @saved_cs_client     = @@character_set_client */;
/*!40101 SET character_set_client = utf8 */;
CREATE TABLE `userinteraction` (
  `id` bigint(20) NOT NULL AUTO_INCREMENT,
  `message` varchar(255) DEFAULT NULL,
  `inputInterfaceType` varchar(255) DEFAULT NULL,
  `session_id` bigint(20) DEFAULT NULL,
  PRIMARY KEY (`id`),
  KEY `FK7CA12567C9C715D1` (`session_id`),
  CONSTRAINT `FK7CA12567C9C715D1` FOREIGN KEY (`session_id`) REFERENCES `testsession` (`id`)
) ENGINE=InnoDB DEFAULT CHARSET=latin1;
/*!40101 SET character_set_client = @saved_cs_client */;

--
-- Dumping data for table `userinteraction`
--

LOCK TABLES `userinteraction` WRITE;
/*!40000 ALTER TABLE `userinteraction` DISABLE KEYS */;
/*!40000 ALTER TABLE `userinteraction` ENABLE KEYS */;
UNLOCK TABLES;
/*!40103 SET TIME_ZONE=@OLD_TIME_ZONE */;

/*!40101 SET SQL_MODE=@OLD_SQL_MODE */;
/*!40014 SET FOREIGN_KEY_CHECKS=@OLD_FOREIGN_KEY_CHECKS */;
/*!40014 SET UNIQUE_CHECKS=@OLD_UNIQUE_CHECKS */;
/*!40101 SET CHARACTER_SET_CLIENT=@OLD_CHARACTER_SET_CLIENT */;
/*!40101 SET CHARACTER_SET_RESULTS=@OLD_CHARACTER_SET_RESULTS */;
/*!40101 SET COLLATION_CONNECTION=@OLD_COLLATION_CONNECTION */;
/*!40111 SET SQL_NOTES=@OLD_SQL_NOTES */;

-- Dump completed on 2014-06-25 15:47:19
